"State","Gas","1990","1991","1992","1993","1994","1995","1996","1997","1998","1999","2000","2001","2002","2003","2004","2005","2006","2007","2008","2009","2010","2011","2012","2013","2014","2015","2016","2017","2018","2019","2020","2021","2022"
"Alabama","CH4",,,,0.15,0.03,0.04,0.2,0.01,0.22,0.13,0.36,0.45,0.32,0.42,1.46,2.71,3.76,1.25,3.74,1.72,1.39,2.09,0.39,2.01,2.61,2.87,1.72,1.59,1.48,1.06,1.22,1.85,0.89
"Alabama","N2O",,,,0.01,0,0,0.02,0,0.02,0.01,0.03,0.04,0.03,0.04,0.13,0.25,0.34,0.11,0.35,0.15,0.12,0.19,0.03,0.17,0.23,0.26,0.14,0.13,0.12,0.09,0.1,0.15,0.07
"Alabama","CO",,,,4.35,0.72,1.14,5.31,0.32,5.63,3.84,10.19,12.41,8.47,11.13,38.87,72.7,100.51,34.1,102.63,44.77,37.06,56.5,10.58,52.52,68.99,77.31,45,41.75,37.45,27.5,30.11,45.91,22.23
"Alabama","NOx",,,,0.12,0.02,0.03,0.14,0.01,0.15,0.1,0.26,0.35,0.25,0.31,1.18,2.22,3.04,0.96,2.98,1.25,1.02,1.64,0.29,1.48,1.97,2.19,1.14,1.1,0.96,0.72,0.83,1.23,0.62
"Alaska","CH4",94.84,43.02,1.63,27.08,16.02,2.16,10.71,1.86,15.09,35.32,29.83,7.83,141.43,34.25,447.08,260.75,6.86,15.01,3.82,158.97,15.88,7.56,2.14,86.95,0.89,280.62,4.08,13.39,16.12,76.83,0.9,15.5,131.62
"Alaska","N2O",7.18,3.24,0.13,2,1.15,0.16,0.78,0.13,1.06,2.52,2.19,0.56,10.14,2.49,32.51,18.85,0.5,1.1,0.27,11.4,1.15,0.54,0.17,6.21,0.07,20.14,0.31,0.97,1.18,5.64,0.07,1.12,9.53
"Alaska","CO",2555.17,1156.44,44.43,721.62,421.83,57.86,283.71,48.68,393.95,927.27,792.4,205.69,3722.1,906.21,11839.28,6887.46,182.35,398.22,99.35,4184.42,419.5,199.3,58.77,2284.69,23.52,7388.06,110.43,353.37,427.41,2042.15,24.73,409.56,3478.78
"Alaska","NOx",34.16,15.43,0.6,9.51,5.48,0.77,3.71,0.63,5.05,11.99,10.41,2.67,48.28,11.84,154.82,89.78,2.4,5.23,1.27,54.31,5.49,2.59,0.81,29.58,0.31,95.92,1.49,4.6,5.61,26.86,0.34,5.34,45.42
"Arizona","CH4",0.74,0,0.13,1.6,2.08,1.57,4.26,0.42,1.76,3.08,2.62,1.47,10.62,5.22,5.03,1.5,3.98,1.63,1.86,3.3,1.34,16.61,1.39,0.79,3.91,2.16,3.4,6.09,4.25,3.18,3.08,3.38,1.4
"Arizona","N2O",0.06,0,0.01,0.12,0.17,0.13,0.32,0.03,0.13,0.23,0.19,0.11,0.82,0.41,0.36,0.12,0.31,0.12,0.15,0.25,0.1,1.22,0.11,0.07,0.3,0.17,0.26,0.47,0.32,0.24,0.26,0.29,0.09
"Arizona","CO",14.7,0,2.72,31.85,41.6,31.26,85.17,8.29,35.31,61.43,53.37,29.51,209.5,105.32,102.41,30.07,81.42,33.27,36.75,66.11,26.68,338.85,28.03,15.44,77.66,43.32,68.72,123.36,87.57,64.68,62.2,68.73,28.72
"Arizona","NOx",0.62,0,0.08,1.1,1.67,1.24,3.03,0.29,1.27,2.17,1.61,1.02,8.14,3.76,3.03,1.18,2.77,0.98,1.44,2.32,1,10.36,1.05,0.69,2.96,1.57,2.46,4.4,2.68,2.22,2.52,2.93,0.72
"Arkansas","CH4",0.01,,,,0.03,0.11,0.09,,0.61,0.22,1.12,0.65,1.05,5.19,3.63,2.82,4.88,5.61,4.16,1.25,4.03,2.04,0.93,4.25,2.76,1.85,4.65,3.28,3.07,2.61,2.22,4.3,1.98
"Arkansas","N2O",0,,,,0,0.01,0.01,,0.06,0.02,0.1,0.06,0.1,0.49,0.34,0.26,0.45,0.53,0.39,0.12,0.38,0.19,0.09,0.4,0.26,0.18,0.43,0.3,0.28,0.24,0.21,0.39,0.18
"Arkansas","CO",0.15,,,,0.88,3.34,2.62,,17.77,6.52,31.41,19.22,30.96,154.19,107.59,83.32,143.5,166.4,122.61,36.81,118.95,59.69,27.41,125.82,81.91,54.99,136.03,95.7,90.03,76.19,65.17,125.37,57.51
"Arkansas","NOx",0,,,,0.02,0.09,0.07,,0.45,0.16,0.77,0.49,0.79,3.93,2.73,2.12,3.64,4.23,3.11,0.94,3.01,1.5,0.69,3.19,2.08,1.4,3.43,2.42,2.28,1.93,1.66,3.16,1.46
"California","CH4",9.82,1.63,11.92,2.32,13.34,3.01,16.97,5.11,1.18,36.78,10.45,14.66,24.42,22.15,7.98,3.52,27.72,27.15,89.35,17.77,1.9,3.79,27.18,43.99,26.66,48.56,10.48,38.41,60.44,7.31,185.11,219.16,25.64
"California","N2O",0.71,0.11,0.78,0.15,0.84,0.18,1.09,0.34,0.08,2.28,0.63,0.9,1.46,1.32,0.52,0.22,1.66,1.63,5.2,1.1,0.12,0.25,1.59,2.55,1.59,3.08,0.6,2.43,4.05,0.45,10.93,12.63,1.6
"California","CO",200.43,33.72,243.84,49.43,275.88,61.68,351.16,105.48,24.48,764.37,214.29,302.15,508.28,464.55,165.37,73.15,579.98,563.8,1856.02,370.59,39.16,78.43,561.79,909.65,554.97,1005.6,214.79,800.07,1249.69,151.66,3807.82,4549.18,533.86
"California","NOx",5.94,0.71,5.75,0.85,5.49,1.09,7.21,2.43,0.58,14.05,4.09,5.77,8.34,7.14,3.61,1.36,9.23,9.69,28.29,6.73,0.81,1.75,9.15,14.17,9.17,20.2,3.43,15.38,28.9,2.7,65.34,68.39,9.9
"Colorado","CH4",0.06,,,0,0.57,0.04,0.94,0,0,0.01,1.83,0.63,25.12,1.35,0.17,0.72,1.44,0.22,0.22,0.58,0.57,0.99,7.36,15.78,1.61,0.05,5.79,1.94,18.28,1.83,22.23,4.33,3.61
"Colorado","N2O",0,,,0,0.04,0,0.07,0,0,0,0.12,0.04,1.55,0.08,0.01,0.04,0.11,0.01,0.02,0.05,0.04,0.08,0.52,0.84,0.08,0,0.32,0.11,1.16,0.1,1.36,0.22,0.19
"Colorado","CO",1.28,,,0.01,11.79,0.83,19.91,0.02,0.05,0.13,38.29,13.25,521.51,27.54,3.65,14.97,30.57,4.46,4.64,12.35,11.96,21.23,154.59,318.45,32.37,0.98,118.16,39.38,379.91,37.27,466.14,87.01,73.01
"Colorado","NOx",0.04,,,0,0.27,0.03,0.49,0,0,0,0.89,0.3,9.64,0.45,0.07,0.28,0.76,0.09,0.14,0.38,0.3,0.59,3.72,4.67,0.41,0.03,1.87,0.7,7.58,0.61,7.8,1.13,0.95
"Connecticut","CH4",,,,,,,,,,,,,,,,,,,,,,,,,,,,,,,,,0.01
"Connecticut","N2O",,,,,,,,,,,,,,,,,,,,,,,,,,,,,,,,,0
"Connecticut","CO",,,,,,,,,,,,,,,,,,,,,,,,,,,,,,,,,0.19
"Connecticut","NOx",,,,,,,,,,,,,,,,,,,,,,,,,,,,,,,,,0
"Delaware","CH4",,,,,,,,,,,,,0,,0.01,,,,,,,,,,,,,,,,,,
"Delaware","N2O",,,,,,,,,,,,,0,,0,,,,,,,,,,,,,,,,,,
"Delaware","CO",,,,,,,,,,,,,0.07,,0.26,,,,,,,,,,,,,,,,,,
"Delaware","NOx",,,,,,,,,,,,,0,,0.01,,,,,,,,,,,,,,,,,,
"Florida","CH4",1.36,1.56,2.26,1.29,1.64,0.89,1.6,1.15,6.93,6.03,2.87,3.41,1.7,2.2,6.06,4.04,6.11,16.57,8.45,9.62,7.12,10.6,5.9,4.21,4.26,3.78,2.98,6.73,6.58,3.76,3.17,5.08,3.1
"Florida","N2O",0.11,0.13,0.18,0.11,0.14,0.07,0.13,0.1,0.58,0.5,0.24,0.27,0.13,0.17,0.5,0.3,0.5,1.41,0.7,0.77,0.6,0.86,0.49,0.34,0.36,0.32,0.22,0.48,0.51,0.28,0.23,0.36,0.23
"Florida","CO",36.09,40.41,57.51,35.59,44.2,23.22,40.91,30.51,183.31,164.13,76.38,88.65,44.19,56.3,160.8,102,160.23,456.07,223.14,251.48,190.65,282.16,159.08,109.48,113.36,100.47,74.85,164.51,169.32,94.65,76.66,126.24,77.84
"Florida","NOx",0.92,1.03,1.47,0.9,1.14,0.6,1.05,0.78,4.71,4.08,1.98,2.18,1.07,1.42,4.07,2.48,4.09,11.39,5.74,6.28,4.92,6.98,4,2.81,2.91,2.58,1.82,3.83,4.1,2.29,1.88,2.9,1.91
"Georgia","CH4",1.51,0.07,0.17,0.38,0.21,0.25,0.29,0.35,0.85,0.77,0.52,0.95,6.03,1.06,2.17,1.37,1.8,17.91,1.78,1,1.7,12.18,0.72,2.14,2.24,1.72,3.36,7.14,1.29,1.31,0.55,1.03,1.35
"Georgia","N2O",0.14,0.01,0.02,0.04,0.02,0.02,0.03,0.03,0.08,0.07,0.05,0.09,0.53,0.1,0.2,0.12,0.16,1.55,0.16,0.09,0.15,1.07,0.07,0.19,0.21,0.15,0.29,0.61,0.11,0.11,0.05,0.09,0.12
"Georgia","CO",43.67,1.95,4.96,11.16,5.91,7.14,8.26,10.24,23.94,22.14,14.45,27.17,171.71,29.11,62.03,38.15,49.87,505.28,48.74,28.11,46.14,346.78,20.17,59.44,63.17,46.5,92.75,199.12,33.11,33.77,14.06,25.93,34.79
"Georgia","NOx",1.11,0.05,0.13,0.29,0.15,0.18,0.21,0.26,0.65,0.59,0.41,0.69,4.3,0.83,1.64,1.04,1.37,12.48,1.37,0.78,1.29,8.64,0.54,1.58,1.7,1.29,2.4,4.98,0.91,0.92,0.4,0.78,1.01
"Hawaii","CH4",,,,,,,,,,,0,,0.03,0.38,,0,,0.19,,0.02,,,0,,,0,0.03,0,0.15,0.02,,0.01,0
"Hawaii","N2O",,,,,,,,,,,0,,0,0.01,,0,,0.01,,0,,,0,,,0,0,0,0,0,,0,0
"Hawaii","CO",,,,,,,,,,,0.01,,0.34,4.83,,0,,2.49,,0.31,,,0.04,,,0,0.37,0.04,1.87,0.2,,0.09,0.05
"Hawaii","NOx",,,,,,,,,,,0,,0.01,0.07,,0,,0.04,,0,,,0,,,0,0.01,0,0.03,0,,0,0
"Idaho","CH4",0.91,2.26,3.55,,37.39,0.07,6.46,0.11,3.84,1.83,87.97,3.18,1.38,16.41,0.92,16.28,24.1,84.64,4.86,1.79,1.35,6.39,70.3,23.61,4.8,34.39,9.74,25.24,12.47,1.53,6.36,25.83,31.03
"Idaho","N2O",0.05,0.13,0.21,,2.05,0,0.37,0.01,0.2,0.11,4.86,0.18,0.08,0.91,0.05,0.89,1.33,4.67,0.27,0.11,0.08,0.33,3.78,1.36,0.28,1.84,0.55,1.38,0.7,0.09,0.38,1.41,1.64
"Idaho","CO",18.82,46.76,73.75,,768.76,1.43,134,2.4,77.73,38.21,1815.12,65.67,28.59,339.11,19.19,333.74,496.54,1743.09,100.75,38.13,28.04,129.85,1438.04,490.04,100.18,703.14,200.56,517.32,255.54,32.08,131.97,530.04,630.74
"Idaho","NOx",0.28,0.64,1.21,,10.55,0.03,1.96,0.05,0.98,0.57,24.85,0.93,0.41,4.63,0.28,4.68,6.84,24.08,1.4,0.59,0.42,1.62,19.26,7.38,1.52,9.3,3.13,7.3,3.92,0.54,2.16,7.39,8.59
"Illinois","CH4",,,,,,,,,,,0.04,0.02,0.16,0.05,0.17,0.06,0.04,0.12,0.15,0.12,0.05,0.29,0.01,0.19,0.14,0.22,0.11,0.04,0.08,0.26,0.1,0.25,0.04
"Illinois","N2O",,,,,,,,,,,0,0,0.01,0,0.02,0.01,0,0.01,0.01,0.01,0.01,0.03,0,0.02,0.01,0.02,0.01,0,0.01,0.03,0.01,0.02,0
"Illinois","CO",,,,,,,,,,,1.15,0.61,4.65,1.37,5.11,1.72,1.06,3.37,4.4,3.59,1.6,8.62,0.3,5.57,4.15,6.49,3.28,1.29,2.29,7.76,2.87,7.52,1.16
"Illinois","NOx",,,,,,,,,,,0.03,0.02,0.12,0.04,0.13,0.04,0.03,0.09,0.11,0.09,0.04,0.23,0.01,0.14,0.12,0.17,0.09,0.04,0.06,0.21,0.08,0.2,0.03
"Indiana","CH4",,,,,,0.13,,,0.31,0.22,0.19,0.06,0.18,0.22,0.28,0.24,0.12,0.24,0.16,0.06,0.32,0.08,0.1,0.04,0.03,0.03,0.08,0.05,0.07,0.11,0.03,0.09,0.04
"Indiana","N2O",,,,,,0.01,,,0.03,0.02,0.02,0.01,0.02,0.02,0.03,0.02,0.01,0.02,0.02,0.01,0.03,0.01,0.01,0,0,0,0.01,0,0.01,0.01,0,0.01,0
"Indiana","CO",,,,,,3.86,,,9.28,6.42,5.82,1.73,5.5,6.44,8.29,7.18,3.68,7.2,4.77,1.68,9.41,2.49,3.07,1.15,1.05,0.8,2.36,1.51,2.08,3.19,0.84,2.71,1.06
"Indiana","NOx",,,,,,0.1,,,0.24,0.17,0.15,0.04,0.14,0.17,0.21,0.19,0.09,0.19,0.12,0.04,0.25,0.06,0.08,0.03,0.03,0.02,0.06,0.04,0.06,0.08,0.02,0.07,0.03
"Iowa","CH4",,,,,,,,,,0.01,0.01,0,0.01,0.01,0.02,0.01,0.01,0,0,0.02,0.03,0.02,0.12,0.07,0.03,0.04,0.02,0,0.13,0,0.02,0,0.01
"Iowa","N2O",,,,,,,,,,0,0,0,0,0,0,0,0,0,0,0,0,0,0.01,0.01,0,0,0,0,0.01,0,0,0,0
"Iowa","CO",,,,,,,,,,0.27,0.31,0,0.2,0.22,0.51,0.16,0.31,0.08,0.05,0.5,0.75,0.51,3.6,1.89,0.83,1.18,0.5,0.09,3.72,0.06,0.59,0.14,0.21
"Iowa","NOx",,,,,,,,,,0.01,0.01,0,0.01,0.01,0.02,0.01,0.01,0.01,0,0.02,0.02,0.02,0.1,0.05,0.03,0.03,0.01,0,0.1,0,0.02,0,0.01
"Kansas","CH4",0.01,0.23,0,0.09,0.15,0.03,0.28,0.01,0.1,0,0.07,0.07,0.18,0.41,0.23,0.4,0.33,0.22,0.9,1.4,0.31,0.88,0.3,0.24,2.91,1.26,1.85,1.82,0.77,0.45,0.39,0.22,0.33
"Kansas","N2O",0,0.02,0,0.01,0.02,0,0.03,0,0.01,0,0.01,0.01,0.02,0.05,0.02,0.04,0.04,0.02,0.09,0.14,0.03,0.09,0.03,0.02,0.29,0.13,0.18,0.2,0.08,0.04,0.04,0.02,0.03
"Kansas","CO",0.13,6.21,0.03,2.45,4.05,0.72,7.51,0.17,3.05,0.01,1.53,1.64,4.47,10.74,6.2,10.45,8.37,5.28,25.17,39.15,8.22,23.64,7.95,6.66,81.79,35.45,51.59,45.39,21.18,12.64,11.28,6.36,9.59
"Kansas","NOx",0.01,0.22,0,0.09,0.15,0.03,0.28,0.01,0.08,0,0.09,0.08,0.18,0.43,0.22,0.41,0.34,0.24,0.82,1.26,0.31,0.86,0.29,0.22,2.53,1.12,1.56,1.79,0.67,0.37,0.3,0.18,0.26
"Kentucky","CH4",,6.96,,,2.42,1.53,,,0.05,8.44,3.17,5.13,0.17,0.1,0.56,1.24,0.53,0.57,0.49,0.32,1.61,0.1,0.25,0.38,0.11,0.19,1.88,0.13,0.15,0.46,0.22,0.66,1.8
"Kentucky","N2O",,0.68,,,0.24,0.15,,,0,0.82,0.3,0.5,0.02,0.01,0.06,0.12,0.05,0.06,0.05,0.03,0.15,0.01,0.02,0.04,0.01,0.02,0.18,0.01,0.02,0.04,0.02,0.06,0.17
"Kentucky","CO",,207.86,,,72.31,45.78,,,1.42,252.48,94.33,153.75,4.95,3.01,16.84,37.01,15.95,17.08,14.39,9.62,47.76,2.99,7.28,11.51,3.26,5.76,55.13,3.8,4.52,13.5,6.12,18.16,51.68
"Kentucky","NOx",,5.48,,,1.9,1.21,,,0.04,6.58,2.44,3.99,0.14,0.08,0.45,0.96,0.42,0.45,0.37,0.25,1.24,0.08,0.19,0.3,0.09,0.15,1.46,0.1,0.13,0.37,0.16,0.49,1.34
"Louisiana","CH4",,0,0.01,0,,0,0.08,0.08,0.11,0.04,0.55,0.22,0.14,0.92,0.36,0.83,0.84,0.89,0.63,0.56,2.01,0.6,0.41,1.67,1.32,1.29,1.5,1.47,1.28,1.64,0.77,0.82,1.1
"Louisiana","N2O",,0,0,0,,0,0.01,0.01,0.01,0,0.05,0.02,0.01,0.08,0.03,0.07,0.07,0.07,0.05,0.05,0.17,0.05,0.04,0.14,0.11,0.1,0.12,0.11,0.09,0.14,0.06,0.06,0.09
"Louisiana","CO",,0,0.23,0,,0.08,2.02,2.01,2.71,1.06,14.31,6.16,3.81,25.29,9.64,22.89,22.68,23.51,16.75,14.29,51.73,16.61,11.22,42.72,34.15,32.75,38.44,37.22,30.95,44.36,19.72,20.02,29.12
"Louisiana","NOx",,0,0.01,0,,0,0.06,0.05,0.08,0.03,0.38,0.16,0.1,0.67,0.26,0.61,0.6,0.62,0.45,0.38,1.38,0.43,0.3,1.14,0.91,0.88,0.94,0.91,0.74,1.12,0.5,0.49,0.73
"Maine","CH4",,,,,,,,,,,,0.02,,,,,0.06,0,,0.1,0,,,,,,,,0.01,,,0.01,0.01
"Maine","N2O",,,,,,,,,,,,0,,,,,0,0,,0.01,0,,,,,,,,0,,,0,0
"Maine","CO",,,,,,,,,,,,0.58,,,,,1.54,0.04,,2.72,0.03,,,,,,,,0.41,,,0.22,0.23
"Maine","NOx",,,,,,,,,,,,0.02,,,,,0.02,0,,0.05,0,,,,,,,,0.01,,,0,0
"Maryland","CH4",,,0,,,,,,,0,0,0,0,,0,0.01,0.01,0,0,0.01,0.01,0.04,0,,0,,,0.01,,0,,0,0.01
"Maryland","N2O",,,0,,,,,,,0,0,0,0,,0,0,0,0,0,0,0,0,0,,0,,,0,,0,,0,0
"Maryland","CO",,,0.09,,,,,,,0.03,0.02,0.14,0.09,,0.05,0.15,0.28,0.01,0.01,0.3,0.16,1.27,0,,0.02,,,0.42,,0.14,,0.07,0.21
"Maryland","NOx",,,0,,,,,,,0,0,0,0,,0,0.01,0.01,0,0,0.01,0,0.04,0,,0,,,0.01,,0,,0,0.01
"Massachusetts","CH4",,,,,,,,,,,,,0,,,0.03,,,0.02,,0,,,,,,0,0,,,,0.06,0.09
"Massachusetts","N2O",,,,,,,,,,,,,0,,,0,,,0,,0,,,,,,0,0,,,,0.01,0.01
"Massachusetts","CO",,,,,,,,,,,,,0.07,,,0.76,,,0.58,,0,,,,,,0.07,0,,,,1.72,2.33
"Massachusetts","NOx",,,,,,,,,,,,,0,,,0.02,,,0.01,,0,,,,,,0,0,,,,0.04,0.06
"Michigan","CH4",0.28,,,,0.22,0.12,0.02,,0.33,0.9,0.16,,0.06,0.43,0.07,0.06,0.26,4.79,0.03,0.3,0.24,0.22,1.15,0,0.06,0.08,0.1,0.13,0.12,0.11,0.01,0.1,0.06
"Michigan","N2O",0.02,,,,0.02,0.01,0,,0.02,0.06,0.01,,0,0.04,0.01,0.01,0.02,0.3,0,0.02,0.02,0.02,0.08,0,0.01,0.01,0.01,0.01,0.01,0.01,0,0.01,0.01
"Michigan","CO",7.45,,,,5.77,3.14,0.41,,8.59,23.29,4.46,,1.65,11.96,1.9,1.64,7.32,119.7,0.71,8.3,6.69,5.93,30.45,0.03,1.75,2.29,3.01,3.99,3.4,3.07,0.35,2.91,1.75
"Michigan","NOx",0.15,,,,0.11,0.06,0.01,,0.13,0.34,0.1,,0.04,0.23,0.04,0.04,0.17,1.48,0.02,0.16,0.13,0.1,0.49,0,0.04,0.05,0.05,0.08,0.06,0.06,0.01,0.06,0.03
"Minnesota","CH4",7.04,3.1,0.67,0.06,0.28,1.2,0.86,0.12,1.53,0.15,1.56,0.09,0.34,2.49,0.59,1.37,4.47,2.15,0.16,0.96,3.42,18.35,8.91,0.47,0.28,1.18,0.35,0.06,1.53,0.2,0.13,3.4,0.03
"Minnesota","N2O",0.5,0.24,0.05,0.01,0.02,0.09,0.07,0.01,0.1,0.01,0.12,0.01,0.03,0.18,0.04,0.1,0.34,0.16,0.01,0.08,0.23,1.2,0.59,0.03,0.02,0.08,0.03,0,0.11,0.01,0.01,0.25,0
"Minnesota","CO",183.74,83.73,18.18,1.91,7.9,32.7,24.09,3.23,39.31,4.19,41.18,2.36,9.07,65.21,15.56,36.05,120.83,57.85,4.33,27.48,87.65,464.7,226.97,12.36,7.26,30.18,9.19,1.63,40.12,5.23,3.56,89.95,0.93
"Minnesota","NOx",2.75,1.38,0.27,0.05,0.15,0.46,0.36,0.06,0.55,0.08,0.66,0.04,0.14,0.99,0.25,0.49,1.67,0.88,0.07,0.54,1.19,5.82,3.02,0.19,0.11,0.4,0.14,0.03,0.68,0.08,0.09,1.28,0.02
"Mississippi","CH4",0.36,0.19,0.19,0.04,0.26,0.15,0.35,0.15,0.03,0.1,0.27,0.26,0.17,0.29,0.33,1.19,0.93,0.66,1.83,0.73,2.01,1.31,0.34,1.98,2.28,1.25,1.15,0.73,1.26,0.64,0.57,0.84,0.61
"Mississippi","N2O",0.03,0.02,0.02,0,0.02,0.01,0.03,0.01,0,0.01,0.02,0.02,0.02,0.03,0.03,0.11,0.09,0.06,0.17,0.07,0.19,0.12,0.03,0.18,0.21,0.12,0.1,0.06,0.11,0.06,0.05,0.07,0.05
"Mississippi","CO",10.25,5.33,5.38,1.29,7.47,4.35,9.92,4.11,0.93,2.66,7.22,7.23,4.76,8.13,9.01,32.31,26.13,18.54,51.39,20.69,56.26,36.42,9.65,55.53,63.41,35.14,31.4,20.03,33.72,17.36,14.57,21.1,16.05
"Mississippi","NOx",0.3,0.16,0.17,0.03,0.21,0.13,0.28,0.12,0.02,0.08,0.21,0.2,0.14,0.23,0.25,0.91,0.71,0.53,1.42,0.56,1.55,1.08,0.26,1.53,1.79,0.96,0.82,0.53,0.87,0.47,0.41,0.6,0.45
"Missouri","CH4",,1.75,0.43,,1.84,0.46,0.37,0.1,0.03,0.48,0.62,0.08,0.45,0.88,0.98,1.42,1.22,0.87,0.49,1.38,2.76,1.77,1.02,0.77,0.85,1.13,0.83,0.84,0.84,1.48,0.61,2.03,0.63
"Missouri","N2O",,0.17,0.04,,0.17,0.04,0.03,0.01,0,0.04,0.06,0.01,0.04,0.08,0.09,0.14,0.11,0.08,0.05,0.13,0.25,0.17,0.1,0.07,0.08,0.11,0.08,0.08,0.08,0.14,0.06,0.19,0.06
"Missouri","CO",,51.98,12.77,,54.64,13.51,10.94,2.89,0.84,14.02,18.23,2.46,13.25,25.86,28.92,42.19,36.04,25.9,14.71,41.22,80.35,52.84,30.35,22.94,25.09,33.12,24.06,24.62,24.67,43.49,18.13,59.9,18.38
"Missouri","NOx",,1.33,0.33,,1.39,0.34,0.27,0.07,0.02,0.35,0.46,0.07,0.34,0.66,0.73,1.08,0.91,0.67,0.37,1.05,2.01,1.35,0.77,0.59,0.64,0.86,0.61,0.63,0.64,1.11,0.47,1.55,0.47
"Montana","CH4",1.21,2.47,0.06,0.01,8.27,0.01,1.6,0,1.83,0.51,44.73,17.56,1.68,61.51,0.44,4.67,24.85,55.6,1.34,2.82,0.65,8.19,14.75,5.73,0.48,26.86,2.58,56.37,7.68,1.11,4.08,31.73,6.65
"Montana","N2O",0.08,0.16,0.01,0,0.5,0,0.1,0,0.11,0.04,2.44,0.92,0.13,3.34,0.03,0.27,1.54,3,0.09,0.16,0.04,0.48,1.04,0.32,0.03,1.43,0.15,3.29,0.42,0.08,0.27,1.85,0.37
"Montana","CO",25.72,52.4,1.19,0.17,169.84,0.15,33.29,0.04,37.45,10.65,919.33,356.77,34.43,1250.3,9.1,96.29,515.73,1138.64,26.98,58.33,13.46,166.46,299.59,117.88,9.9,546.74,53.03,1159.37,156.92,23.19,83.42,654.08,136.83
"Montana","NOx",0.61,1.04,0.06,0.01,3.41,0.01,0.71,0,0.67,0.4,12.42,4.63,1.39,18.66,0.29,1.63,10.17,15.32,0.7,0.88,0.3,3.21,9.81,1.62,0.21,7.33,0.88,20.49,2.17,0.63,2.12,10.81,1.97
"Nebraska","CH4",,0,,,,0,0,0,0,0,0.06,0.02,0.03,0,0.01,0.01,1.7,0.02,0.03,0.09,0.03,0.03,3.53,0.02,0,0.01,0.02,0.01,0.01,0,0.03,0.27,0.41
"Nebraska","N2O",,0,,,,0,0,0,0,0,0.01,0,0,0,0,0,0.15,0,0,0.01,0,0,0.31,0,0,0,0,0,0,0,0,0.02,0.03
"Nebraska","CO",,0,,,,0,0,0.03,0.06,0,1.16,0.46,0.64,0.03,0.41,0.14,34.07,0.35,0.78,2.65,0.57,0.76,70.65,0.66,0.1,0.13,0.36,0.13,0.38,0,0.6,5.4,8.1
"Nebraska","NOx",,0,,,,0,0,0,0,0,0.07,0.02,0.04,0,0.01,0.01,1.96,0.02,0.02,0.08,0.03,0.02,4.01,0.02,0,0,0.02,0.01,0.01,0,0.02,0.21,0.31
"Nevada","CH4",0.01,0.04,0.26,0,0.31,0.04,0.5,0.01,0.01,1.02,0.65,1.15,0.1,0.03,0.47,0.22,0.66,0.33,1.79,0.15,0.02,0.48,1.29,1.51,0.5,0.05,0.39,0.07,1.76,0.01,0.11,0.35,0.15
"Nevada","N2O",0,0.01,0.03,0,0.03,0,0.05,0,0,0.08,0.05,0.09,0.01,0,0.03,0.02,0.07,0.03,0.12,0.01,0,0.05,0.14,0.11,0.03,0,0.02,0,0.13,0,0.01,0.02,0.01
"Nevada","CO",0.13,1.02,5.91,0.04,6.65,0.89,11.08,0.12,0.18,21.42,13.85,25.01,2.22,0.71,9.68,5.02,14.68,7.33,37.5,2.97,0.51,10.85,29.61,31.54,10.62,1.07,7.95,1.32,37.43,0.33,2.19,7.09,3.14
"Nevada","NOx",0.01,0.05,0.23,0,0.22,0.04,0.44,0,0.01,0.71,0.35,0.74,0.04,0.02,0.22,0.22,0.59,0.27,0.85,0.08,0.01,0.47,1.24,0.8,0.22,0.03,0.11,0.02,0.89,0.01,0.04,0.1,0.05
"New Hampshire","CH4",,,,,,,,,,,,,,,,0,,,,,0,,,,,,,,,,,,0.01
"New Hampshire","N2O",,,,,,,,,,,,,,,,0,,,,,0,,,,,,,,,,,,0
"New Hampshire","CO",,,,,,,,,,,,,,,,0.09,,,,,0.01,,,,,,,,,,,,0.28
"New Hampshire","NOx",,,,,,,,,,,,,,,,0,,,,,0,,,,,,,,,,,,0.01
"New Jersey","CH4",0.09,0.2,0.58,0.08,0.01,0.64,0.2,0.18,0.13,0.41,0.06,0.23,0.13,0.05,0.13,0.07,0.1,0.43,0.11,,0.07,,0.05,,0.05,0.06,0.02,0.06,0.03,0.17,0.04,0.08,0.16
"New Jersey","N2O",0.01,0.01,0.04,0.01,0,0.04,0.02,0.01,0.01,0.02,0,0.02,0.01,0,0.01,0,0.01,0.03,0.01,,0,,0,,0,0,0,0,0,0.01,0,0.01,0.01
"New Jersey","CO",2.34,4.54,12.89,1.87,0.24,14.4,5.15,4.32,2.76,8.6,1.42,5.77,3.08,1.02,2.85,1.36,2.08,9.4,2.59,,1.56,,1.16,,1.41,1.39,0.49,1.16,0.69,3.72,1.05,1.85,4.38
"New Jersey","NOx",0.06,0.11,0.32,0.05,0.01,0.35,0.13,0.11,0.06,0.19,0.04,0.15,0.07,0.02,0.07,0.03,0.04,0.22,0.07,,0.04,,0.03,,0.04,0.03,0.01,0.03,0.01,0.09,0.03,0.04,0.11
"New Mexico","CH4",0.19,0.09,1.35,4.71,1.42,4.83,3.21,1.71,1.08,0.56,7.32,0.71,8.41,8.47,4.95,3.55,3.65,0.81,0.98,2.24,1.45,13.68,8.67,7.33,1.27,0.69,1.59,1.86,5.35,0.98,3.02,3.77,37.15
"New Mexico","N2O",0.01,0.01,0.1,0.32,0.09,0.32,0.23,0.12,0.07,0.04,0.51,0.06,0.58,0.59,0.32,0.26,0.26,0.06,0.07,0.16,0.1,0.91,0.6,0.46,0.09,0.05,0.13,0.15,0.42,0.08,0.23,0.31,2.63
"New Mexico","CO",3.97,1.72,26.99,95.5,29.26,98.85,66.45,34.87,22.55,11.39,150.52,14.32,174.22,172.05,101.39,71.35,73.63,16.13,19.93,45.41,29.64,284.91,178.55,152.95,25.98,13.96,32.09,37.92,109.22,19.93,61.02,76.41,761.79
"New Mexico","NOx",0.11,0.07,0.91,2.68,0.68,2.45,1.86,0.97,0.54,0.39,3.9,0.53,4.38,4.87,2.27,2.36,2.37,0.59,0.6,1.39,0.84,6.45,4.58,2.77,0.77,0.5,1.21,1.39,3.8,0.74,2.18,2.99,21.01
"New York","CH4",,,,,0,,,,,,,,0,,,,0.02,,0.09,,0,,0.02,0,,0.18,0.09,,0.01,,0.01,0,0
"New York","N2O",,,,,0,,,,,,,,0,,,,0,,0.01,,0,,0,0,,0.01,0.01,,0,,0,0,0
"New York","CO",,,,,0.01,,,,,,,,0.07,,,,0.68,,2.25,,0.11,,0.62,0,,4.41,2.19,,0.33,,0.29,0.02,0.01
"New York","NOx",,,,,0,,,,,,,,0,,,,0.02,,0.06,,0,,0.02,0,,0.11,0.06,,0.01,,0.01,0,0
"North Carolina","CH4",0.07,0.04,0.02,0.07,0.11,0.06,0.01,0.01,0.11,0.42,1.12,0.45,0.23,0.25,0.15,0.14,0.32,0.75,0.53,0.36,0.42,0.71,0.31,0.4,0.25,0.47,3.85,0.7,0.22,0.31,0.28,0.43,0.31
"North Carolina","N2O",0.01,0,0,0.01,0.01,0.01,0,0,0.01,0.04,0.1,0.04,0.02,0.02,0.01,0.01,0.03,0.07,0.05,0.03,0.04,0.07,0.03,0.04,0.02,0.04,0.36,0.06,0.02,0.03,0.02,0.04,0.03
"North Carolina","CO",1.98,1.24,0.59,2.1,3.13,1.78,0.29,0.18,3.38,12.42,31.93,13.27,6.53,7.05,4.13,3.98,8.82,21.5,14.93,10.36,12.14,20.47,8.93,11.65,7.1,13.56,112.84,19.36,6.14,8.53,7.26,12.21,8.45
"North Carolina","NOx",0.05,0.03,0.02,0.05,0.08,0.04,0.01,0,0.09,0.32,0.82,0.34,0.17,0.19,0.11,0.1,0.23,0.54,0.38,0.27,0.31,0.52,0.23,0.3,0.19,0.35,2.87,0.5,0.16,0.22,0.21,0.32,0.23
"North Dakota","CH4",0,,0,0.02,0.01,0,0,0,0,0.09,0.02,0.01,0.08,0.02,0.07,0.02,0.06,0.01,0.01,0.06,0.04,0.01,0.07,0.01,0.01,0.02,0.01,0.06,0.04,0,0.02,0.01,0
"North Dakota","N2O",0,,0,0,0,0,0,0,0,0.01,0,0,0.01,0,0.01,0,0.01,0,0,0.01,0,0,0.01,0,0,0,0,0.01,0,0,0,0,0
"North Dakota","CO",0.01,,0.13,0.44,0.27,0.03,0.01,0.04,0.02,2.15,0.46,0.28,1.83,0.59,1.48,0.51,1.45,0.2,0.14,1.7,1.13,0.37,1.56,0.19,0.28,0.51,0.17,1.33,1.04,0.12,0.67,0.14,0
"North Dakota","NOx",0,,0,0.02,0.01,0,0,0,0,0.1,0.02,0.01,0.08,0.02,0.07,0.02,0.06,0.01,0.01,0.05,0.03,0.01,0.07,0.01,0.01,0.02,0.01,0.06,0.04,0,0.02,0,0
"Ohio","CH4",,,,,,,,,,,,0,0,0.03,0.01,0.25,0,0.01,0.02,0,0,,0.02,0.01,0.03,0,0.02,,,0.03,0.02,0.03,0.09
"Ohio","N2O",,,,,,,,,,,,0,0,0,0,0.02,0,0,0,0,0,,0,0,0,0,0,,,0,0,0,0.01
"Ohio","CO",,,,,,,,,,,,0.09,0.03,1.03,0.38,7.5,0.02,0.41,0.45,0.11,0.1,,0.62,0.23,0.81,0.14,0.69,,,1,0.62,0.76,2.56
"Ohio","NOx",,,,,,,,,,,,0,0,0.03,0.01,0.19,0,0.01,0.01,0,0,,0.02,0.01,0.02,0,0.02,,,0.03,0.02,0.02,0.07
"Oklahoma","CH4",0,0.8,0.88,0.17,0.64,1.27,1.34,0.09,0.1,0.1,0.56,0.24,0.73,2.31,2.86,3.34,2.86,2.42,1.51,4.39,0.98,7.66,1.71,1.14,2.27,1.48,3.51,3.59,3.15,0.99,0.7,2.13,2.11
"Oklahoma","N2O",0,0.08,0.08,0.01,0.06,0.12,0.13,0.01,0.01,0.01,0.05,0.02,0.07,0.22,0.27,0.32,0.27,0.23,0.15,0.43,0.09,0.71,0.16,0.11,0.23,0.14,0.33,0.34,0.31,0.09,0.07,0.2,0.2
"Oklahoma","CO",0.11,23.51,25.67,3.58,17.94,37.82,39.39,1.91,2.32,2.13,15.34,7.09,21.4,68.43,84.09,98.5,83.42,70.68,44.26,128.44,27.93,223.11,49.77,33.55,68.2,43.61,103.06,103.9,91.23,28.78,20.52,63.24,61.74
"Oklahoma","NOx",0,0.61,0.65,0.08,0.45,0.97,1.06,0.05,0.06,0.05,0.39,0.18,0.57,1.8,2.18,2.61,2.17,1.89,1.18,3.49,0.72,5.73,1.32,0.88,1.82,1.15,2.7,2.81,2.52,0.75,0.53,1.63,1.57
"Oregon","CH4",2.6,2.08,3.43,0,5.49,0.17,18.24,0.14,0.2,1.52,5.19,4.13,71.68,21.65,5.7,5.54,9.21,14.92,7.44,10.52,3.59,6.88,11.63,16.63,12.67,29.88,4.24,68.27,29.3,4.64,95.43,78.53,49.68
"Oregon","N2O",0.15,0.11,0.22,0,0.33,0.01,1.09,0.01,0.02,0.12,0.34,0.27,4.1,1.17,0.34,0.33,0.55,1,0.42,0.58,0.22,0.39,0.74,0.96,0.81,1.78,0.25,3.71,1.7,0.27,5.13,4.62,2.7
"Oregon","CO",53.12,42.33,70.37,0,113.72,3.48,377.38,3.22,4.27,32.07,108.89,86.23,1476.53,441.76,117.7,115.34,190.13,310.26,153.15,216.2,74.31,139.85,243.27,344.33,262.79,619.7,87.06,1402.17,607.3,96.03,1951.2,1614.98,1017.51
"Oregon","NOx",1.02,0.54,1.75,0,2.02,0.12,6.91,0.11,0.15,0.94,2.48,1.85,23.77,6.36,2.01,1.88,3.36,7.68,2.27,3.02,1.34,2.47,4.82,5.26,5.54,10.9,1.51,19.01,9.53,1.65,26.37,29.83,14.09
"Pennsylvania","CH4",0.03,,,,,,,,,,,,,,0.09,0.03,0.1,,0.1,0.02,,,0.03,,0.05,0.06,0.21,,0.03,,0.34,0.02,0.04
"Pennsylvania","N2O",0,,,,,,,,,,,,,,0.01,0,0.01,,0.01,0,,,0,,0,0.01,0.02,,0,,0.03,0,0
"Pennsylvania","CO",1.01,,,,,,,,,,,,,,2.76,0.88,3.02,,2.7,0.62,,,0.86,,1.36,1.78,6.06,,0.89,,10.01,0.52,1.19
"Pennsylvania","NOx",0.02,,,,,,,,,,,,,,0.07,0.02,0.07,,0.06,0.01,,,0.02,,0.03,0.06,0.15,,0.03,,0.26,0.01,0.03
"South Carolina","CH4",0.07,0.17,0.11,0.11,0.32,0.07,0.1,0.14,0.09,0.16,0.06,0.26,0.46,0.31,1.4,0.87,0.64,0.75,1.64,1.94,1.78,0.62,0.28,1.07,0.96,0.53,1.1,0.87,0.68,0.43,0.33,0.28,0.32
"South Carolina","N2O",0.01,0.02,0.01,0.01,0.03,0.01,0.01,0.01,0.01,0.01,0.01,0.02,0.04,0.03,0.13,0.08,0.06,0.07,0.15,0.18,0.16,0.06,0.03,0.1,0.09,0.05,0.1,0.07,0.06,0.03,0.03,0.02,0.03
"South Carolina","CO",1.85,4.63,2.87,2.8,9.02,1.9,2.73,3.75,2.45,4.45,1.67,7.32,12.93,8.55,39.78,24.9,18.1,21.14,45.92,54.19,48.07,17.6,7.92,29.59,26.62,14.12,30.42,22.79,17.82,10.97,8.13,6.99,8.18
"South Carolina","NOx",0.05,0.12,0.07,0.07,0.23,0.05,0.07,0.1,0.07,0.12,0.04,0.19,0.34,0.22,1.02,0.64,0.47,0.56,1.26,1.49,1.36,0.45,0.2,0.83,0.74,0.4,0.77,0.58,0.46,0.29,0.26,0.21,0.24
"South Dakota","CH4",0.36,0.19,0.05,0,0.02,0.02,0.04,0.03,0.01,0.08,0.68,0.45,1.32,0.61,0.02,0.14,0.25,0.71,0,0.05,0.07,0.24,0.95,0.01,0.16,0.22,0.25,0.1,0.01,0.01,0.02,0.04,0.16
"South Dakota","N2O",0.03,0.02,0,0,0,0,0,0,0,0.01,0.06,0.04,0.12,0.05,0,0.01,0.02,0.06,0,0,0.01,0.02,0.09,0,0.02,0.02,0.02,0.01,0,0,0,0,0.01
"South Dakota","CO",7.21,3.9,0.93,0.01,0.43,0.36,0.71,0.59,0.19,1.73,13.7,9,26.34,12.15,0.32,2.72,5.13,14.22,0.05,0.91,1.4,4.9,19.07,0.17,3.39,4.29,4.95,2,0.33,0.17,0.48,0.83,3.2
"South Dakota","NOx",0.43,0.23,0.06,0,0.02,0.02,0.05,0.04,0.01,0.1,0.79,0.53,1.57,0.71,0.02,0.16,0.28,0.82,0,0.06,0.09,0.29,1.1,0.01,0.2,0.28,0.29,0.11,0.01,0.01,0.02,0.03,0.12
"Tennessee","CH4",,0.11,,,0.1,,0.03,0.03,0.09,0.24,2.77,2.18,0.08,0.44,0.21,0.76,0.38,0.9,0.31,0.44,0.66,0.11,0.21,0.38,0.43,0.29,2.22,0.11,0.21,0.12,0.18,0.31,0.19
"Tennessee","N2O",,0.01,,,0.01,,0,0,0.01,0.02,0.26,0.21,0.01,0.04,0.02,0.07,0.04,0.09,0.03,0.04,0.07,0.01,0.02,0.04,0.04,0.03,0.21,0.01,0.02,0.01,0.02,0.03,0.02
"Tennessee","CO",,3.47,,,3.15,,0.9,0.91,2.79,7.14,81.63,64.9,2.21,12.89,6.02,22.66,11.35,27,9.32,13.21,19.98,3.23,6.29,11.38,13.01,8.45,64.34,3.14,6.31,3.72,4.98,8.57,5.5
"Tennessee","NOx",,0.09,,,0.08,,0.02,0.02,0.08,0.18,2.1,1.7,0.06,0.36,0.17,0.6,0.3,0.71,0.24,0.35,0.52,0.09,0.16,0.3,0.34,0.23,1.68,0.08,0.16,0.1,0.13,0.22,0.14
"Texas","CH4",0.01,0.04,0,0.01,0.05,0.06,0.49,0,0.04,0.06,0.44,0.09,0.14,0.27,0.27,0.37,0.73,0.17,0.53,0.81,1.36,5.65,0.17,0.89,1.09,0.5,1.1,1.89,1.07,0.83,0.33,1.01,1.19
"Texas","N2O",0,0,0,0,0.01,0.01,0.04,0,0,0.01,0.04,0.01,0.01,0.02,0.02,0.04,0.07,0.02,0.05,0.07,0.11,0.51,0.02,0.07,0.09,0.04,0.09,0.15,0.09,0.06,0.02,0.07,0.1
"Texas","CO",0.25,0.91,0,0.21,1.3,1.41,12.48,0.04,1.03,1.71,11.53,2.26,3.7,7.18,6.98,9.72,18.87,4.49,13.34,21.39,33.94,150.72,4.64,22.29,27.23,12.93,26.92,46.96,27.93,21.31,8.15,23.56,33.18
"Texas","NOx",0.01,0.04,0,0.01,0.05,0.05,0.37,0,0.04,0.05,0.33,0.07,0.11,0.21,0.22,0.33,0.58,0.16,0.47,0.64,0.9,4.37,0.13,0.62,0.74,0.34,0.76,1.24,0.74,0.53,0.2,0.6,0.85
"Utah","CH4",0.14,0,0.05,0.12,0.4,0.05,0.18,0.05,0,0.08,0.44,0.89,7.53,0.64,0.83,0.91,0.46,1.88,0.38,1.25,0.82,0.06,3.31,0.33,0.15,0.08,1.53,6.63,9.79,2.24,3.51,1.19,1.64
"Utah","N2O",0.01,0,0.01,0.01,0.03,0,0.01,0,0,0.01,0.03,0.06,0.53,0.05,0.06,0.05,0.03,0.14,0.03,0.09,0.06,0,0.26,0.02,0.01,0.01,0.1,0.44,0.63,0.16,0.2,0.09,0.1
"Utah","CO",3,0.01,1.08,2.48,8.75,1.21,3.8,1.08,0,1.76,9.32,19,159.95,13.9,17.61,18.85,9.58,39.93,8.08,26.69,17.73,1.18,71.28,6.97,3.18,1.67,31.77,139.14,204.92,47.74,72.79,25.49,34.08
"Utah","NOx",0.08,0,0.05,0.07,0.25,0.04,0.11,0.02,0,0.07,0.19,0.45,3.68,0.41,0.39,0.33,0.23,0.96,0.19,0.59,0.44,0.03,1.92,0.14,0.06,0.05,0.61,2.92,3.99,1.09,1.14,0.65,0.54
"Vermont","CH4",,,,,,,,,,,,,,,,,,,,,,,,,,,0,,,,,0,0
"Vermont","N2O",,,,,,,,,,,,,,,,,,,,,,,,,,,0,,,,,0,0
"Vermont","CO",,,,,,,,,,,,,,,,,,,,,,,,,,,0.06,,,,,0,0.01
"Vermont","NOx",,,,,,,,,,,,,,,,,,,,,,,,,,,0,,,,,0,0
"Virginia","CH4",,0.11,,,0.02,0.34,,,0.26,0.57,1.6,0.32,0.53,0.51,0.62,0.36,0.67,0.21,1.04,0.1,0.43,0.51,1.45,0.3,0.86,0.43,0.87,0.35,0.37,0.43,0.23,0.39,0.3
"Virginia","N2O",,0.01,,,0,0.03,,,0.02,0.05,0.15,0.03,0.05,0.05,0.06,0.03,0.06,0.02,0.1,0.01,0.04,0.05,0.14,0.03,0.08,0.04,0.08,0.03,0.03,0.04,0.02,0.03,0.03
"Virginia","CO",,2.83,,,0.65,9.31,,,7.58,16.3,45.6,8.74,14.18,14.04,17.05,9.93,18.58,6.2,29.5,2.78,11.99,14.41,41.3,8.54,25.07,12.16,25.33,9.55,10.28,12.21,6.23,10.66,8.59
"Virginia","NOx",,0.08,,,0.02,0.24,,,0.17,0.4,1.03,0.25,0.36,0.38,0.47,0.27,0.49,0.16,0.77,0.07,0.31,0.38,1.04,0.21,0.63,0.32,0.64,0.26,0.27,0.32,0.16,0.28,0.22
"Washington","CH4",0.32,0.62,0.13,0,8.59,0.01,0.98,0.06,1.22,0.15,1.6,6.57,4.21,11.28,5.22,4.56,30.04,2.69,2.75,1.49,1.34,0.83,11.13,3.46,7.67,64.44,2.02,29.85,16.13,2.09,7.79,40.39,19.46
"Washington","N2O",0.02,0.04,0.01,0,0.51,0,0.06,0,0.07,0.01,0.1,0.39,0.24,0.61,0.31,0.27,1.59,0.17,0.16,0.09,0.08,0.05,0.63,0.22,0.47,3.72,0.12,1.49,0.87,0.14,0.44,2.32,1
"Washington","CO",6.55,13.09,2.79,0.07,180.07,0.19,20.38,1.31,25.58,3.04,33.65,137.37,87.44,231.19,109.6,95.72,613.65,56.82,57.3,30.62,27.94,17.25,230.03,72.13,160.49,1342.45,41.27,600.16,330.01,43.57,159.55,838.16,393.99
"Washington","NOx",0.1,0.23,0.06,0,2.86,0,0.29,0.02,0.43,0.05,0.68,2.11,1.3,3.05,1.67,1.52,7.99,0.91,0.89,0.53,0.41,0.27,3.44,1.43,2.93,19.84,0.7,7.19,4.51,1.1,2.63,12.86,5.05
"West Virginia","CH4",,23.03,,0.04,1.32,0.89,,,0.18,4.56,0.75,3.39,0.01,0.02,0.14,0.27,0.06,0.11,0.02,0.13,0.81,,0.28,0.24,0.04,0.57,0.22,0.07,0.12,0.02,0.03,0.1,0.34
"West Virginia","N2O",,2.25,,0,0.13,0.09,,,0.02,0.44,0.07,0.33,0,0,0.01,0.03,0.01,0.01,0,0.01,0.08,,0.03,0.02,0,0.06,0.02,0.01,0.01,0,0,0.01,0.03
"West Virginia","CO",,691.32,,1.06,39.44,26.76,,,5.33,137.09,22.4,101.32,0.39,0.61,4.24,8.24,1.71,3.35,0.71,3.78,24.41,,8.48,7.1,1.09,17.29,6.57,2.09,3.44,0.71,0.9,2.79,9.77
"West Virginia","NOx",,17.87,,0.03,1.03,0.7,,,0.15,3.54,0.57,2.62,0.01,0.02,0.11,0.21,0.04,0.09,0.02,0.1,0.6,,0.21,0.18,0.03,0.4,0.17,0.04,0.09,0.02,0.02,0.06,0.25
"Wisconsin","CH4",,,,,0.02,,,0.04,0.04,,,0.01,0,1.15,0.07,0.07,0.06,0.08,0.01,0.02,0.04,0.07,0.22,0.21,0.05,0.1,0.07,0.02,0.28,0.11,0,0.1,0.13
"Wisconsin","N2O",,,,,0,,,0,0,,,0,0,0.11,0.01,0.01,0.01,0.01,0,0,0,0.01,0.02,0.02,0,0.01,0.01,0,0.02,0.01,0,0.01,0.01
"Wisconsin","CO",,,,,0.65,,,1.14,1.09,,,0.34,0.04,34.6,2.06,1.92,1.86,2.39,0.19,0.66,1.11,2.08,6.04,5.98,1.4,2.9,2.03,0.65,7.84,3.18,0.01,2.84,3.75
"Wisconsin","NOx",,,,,0.02,,,0.03,0.03,,,0.01,0,0.82,0.05,0.04,0.05,0.05,0,0.02,0.03,0.05,0.12,0.14,0.03,0.07,0.05,0.01,0.16,0.06,0,0.06,0.08
"Wyoming","CH4",,0.26,0.01,0,0.93,0,1.26,0.13,0.06,0.19,7.22,1.71,4.66,6.84,0.22,1.14,5.64,5.82,8.75,0.94,0.57,4.97,12.29,4.38,0.3,0.32,6.65,1.05,6.23,0.88,5.17,2.08,0.81
"Wyoming","N2O",,0.01,0,0,0.05,0,0.08,0.01,0,0.01,0.42,0.1,0.29,0.35,0.02,0.06,0.34,0.31,0.47,0.06,0.04,0.26,0.75,0.22,0.02,0.02,0.37,0.06,0.38,0.05,0.32,0.11,0.05
"Wyoming","CO",,5.35,0.23,0.03,19.02,0,26.25,2.74,1.36,4.04,148.46,34.67,95.57,137.25,4.38,22.73,113.53,117.66,179.54,19.66,12,99.97,248.97,88.55,6.04,6.65,136.27,21.43,128.8,17.89,108.97,42.53,16.28
"Wyoming","NOx",,0.08,0,0,0.29,0,0.55,0.12,0.02,0.1,2.39,0.72,1.94,1.91,0.19,0.43,2.61,1.64,2.38,0.34,0.21,1.45,5.5,1.11,0.08,0.12,1.98,0.32,2.37,0.25,1.77,0.61,0.36
"U.S. Territories","CH4",,,,,,,,,,,,,,,,0.06,,0.02,,,,,,0.02,,,,,,,0,0,0
"U.S. Territories","N2O",,,,,,,,,,,,,,,,0,,0,,,,,,0,,,,,,,0,0,0
"U.S. Territories","CO",,,,,,,,,,,,,,,,0.76,,0.31,,,,,,0.32,,,,,,,0,0,0.05
"U.S. Territories","NOx",,,,,,,,,,,,,,,,0.01,,0,,,,,,0,,,,,,,0,0,0
