"State","Carbon Pools","1990","1991","1992","1993","1994","1995","1996","1997","1998","1999","2000","2001","2002","2003","2004","2005","2006","2007","2008","2009","2010","2011","2012","2013","2014","2015","2016","2017","2018","2019","2020","2021","2022","2023"
"Alabama","Total Forest Ecosystem",1178.35,1191.98,1205.61,1219.24,1232.86,1246.49,1260.12,1273.74,1287.37,1300.88,1314.27,1327.55,1340.72,1353.77,1366.7,1379.51,1392.41,1405.39,1418.46,1431.6,1444.82,1458.13,1471.52,1485.08,1498.8,1512.69,1526.76,1540.99,1555.39,1569.6,1583.62,1597.45,1611.09,1624.54
"Alabama","Aboveground Biomass",297.31,307.46,317.61,327.76,337.91,348.06,358.21,368.36,378.51,388.56,398.53,408.41,418.2,427.9,437.5,447.02,456.59,466.22,475.91,485.65,495.45,505.3,515.21,525.25,535.4,545.67,556.07,566.59,577.23,587.73,598.1,608.32,618.41,628.36
"Alabama","Belowground Biomass",50.87,52.88,54.89,56.89,58.9,60.9,62.9,64.9,66.9,68.89,70.85,72.8,74.74,76.66,78.56,80.45,82.35,84.28,86.22,88.18,90.15,92.15,94.16,96.2,98.28,100.39,102.54,104.71,106.92,109.11,111.26,113.39,115.5,117.57
"Alabama","Dead Wood",40.72,42.1,43.48,44.86,46.23,47.61,48.99,50.36,51.73,53.1,54.45,55.79,57.12,58.45,59.76,61.06,62.37,63.69,65.01,66.34,67.67,69.01,70.36,71.71,73.08,74.47,75.86,77.26,78.68,80.08,81.47,82.85,84.21,85.56
"Alabama","Litter",45.19,45.57,45.96,46.34,46.73,47.11,47.49,47.88,48.26,48.63,49,49.36,49.72,50.06,50.4,50.74,51.06,51.38,51.68,51.98,52.27,52.56,52.83,53.1,53.35,53.59,53.81,54.03,54.23,54.42,54.61,54.78,54.95,55.1
"Alabama","Soil (Mineral)",739.07,738.77,738.47,738.17,737.88,737.59,737.3,737.01,736.73,736.45,736.19,735.93,735.68,735.43,735.2,734.97,734.75,734.55,734.35,734.16,733.98,733.81,733.66,733.51,733.38,733.26,733.16,733.07,732.99,732.92,732.84,732.76,732.68,732.6
"Alabama","Soil (Organic)",5.2,5.21,5.21,5.22,5.22,5.23,5.23,5.24,5.24,5.25,5.25,5.26,5.26,5.27,5.27,5.27,5.28,5.28,5.29,5.29,5.3,5.3,5.3,5.31,5.31,5.32,5.32,5.32,5.33,5.33,5.34,5.34,5.34,5.35
"Alaska","Total Forest Ecosystem",10744.19,10745.58,10748.61,10754.24,10759.52,10764.79,10770.09,10775.11,10780.87,10785.16,10788.23,10792.01,10797.11,10793.04,10797.32,10777.91,10772.47,10777.62,10782.37,10788.46,10783.64,10786.81,10792.51,10797,10795.52,10801.79,10781.68,10787.28,10793.33,10798.32,10790.63,10796.58,10801.29,10794.24
"Alaska","Aboveground Biomass",938.5,942.57,947.14,952.25,957.27,962.38,967.52,972.53,977.74,982.83,987.53,992.5,997.7,1001.44,1006.44,1007.16,1010.36,1015.69,1020.85,1026.31,1030.43,1035.45,1040.86,1045.96,1049.73,1055.3,1055.03,1060.5,1065.96,1071.26,1072.84,1078.34,1083.51,1085.15
"Alaska","Belowground Biomass",159.46,160.08,160.78,161.56,162.33,163.12,163.91,164.68,165.48,166.27,167,167.78,168.59,169.19,169.97,170.17,170.7,171.53,172.33,173.18,173.86,174.65,175.5,176.29,176.91,177.78,177.8,178.66,179.51,180.34,180.63,181.5,182.31,182.6
"Alaska","Dead Wood",298.56,297.98,297.53,297.3,297.05,296.8,296.57,296.29,296.07,295.5,295.06,294.66,294.33,293.36,292.95,289.88,288.55,288.27,287.9,287.71,286.41,285.8,285.49,285.15,284.22,284.05,281.42,281.17,281,280.78,279.56,279.36,279.09,278.11
"Alaska","Litter",1467.83,1465.18,1463.46,1463.48,1463.29,1462.98,1462.63,1462.22,1462.25,1461.29,1459.44,1457.93,1457.42,1450.05,1449.04,1431.84,1424.06,1423.41,1422.62,1422.66,1414.42,1412.44,1412.25,1411.23,1406.35,1406.4,1389.23,1388.81,1388.75,1387.9,1379.59,1379.43,1378.47,1370.51
"Alaska","Soil (Mineral)",2775.04,2775.02,2775,2774.98,2774.96,2774.94,2774.93,2774.91,2774.89,2774.87,2774.85,2774.84,2774.82,2774.8,2774.78,2774.77,2774.75,2774.74,2774.72,2774.71,2774.7,2774.68,2774.67,2774.66,2774.65,2774.64,2774.63,2774.63,2774.62,2774.61,2774.61,2774.6,2774.6,2774.6
"Alaska","Soil (Organic)",5104.79,5104.75,5104.71,5104.66,5104.62,5104.58,5104.53,5104.49,5104.44,5104.39,5104.35,5104.3,5104.25,5104.2,5104.15,5104.09,5104.04,5103.99,5103.94,5103.89,5103.84,5103.79,5103.75,5103.7,5103.66,5103.61,5103.57,5103.53,5103.48,5103.44,5103.4,5103.35,5103.31,5103.26
"Arizona","Total Forest Ecosystem",643.83,643.65,643.47,643.28,643.09,642.89,642.67,642.45,642.23,641.99,641.74,641.48,641.22,640.95,640.66,640.37,640.07,639.75,639.42,639.08,638.73,638.36,637.99,637.6,637.2,636.79,636.35,635.9,635.43,634.95,634.44,633.91,633.36,632.8
"Arizona","Aboveground Biomass",144.55,144.36,144.17,143.97,143.77,143.57,143.37,143.16,142.95,142.73,142.51,142.29,142.07,141.84,141.61,141.37,141.14,140.9,140.65,140.4,140.15,139.89,139.64,139.37,139.11,138.84,138.56,138.28,138,137.7,137.41,137.1,136.79,136.48
"Arizona","Belowground Biomass",24.92,24.92,24.92,24.92,24.92,24.92,24.92,24.92,24.91,24.91,24.9,24.9,24.89,24.88,24.88,24.87,24.86,24.85,24.84,24.83,24.81,24.8,24.78,24.77,24.75,24.73,24.72,24.7,24.67,24.65,24.63,24.6,24.57,24.55
"Arizona","Dead Wood",27.5,27.59,27.67,27.75,27.83,27.91,27.98,28.05,28.11,28.17,28.22,28.27,28.31,28.35,28.39,28.41,28.43,28.45,28.45,28.45,28.44,28.42,28.39,28.36,28.31,28.26,28.2,28.13,28.04,27.94,27.84,27.71,27.58,27.44
"Arizona","Litter",25.68,25.66,25.64,25.62,25.6,25.58,25.56,25.54,25.52,25.49,25.47,25.45,25.43,25.41,25.38,25.36,25.34,25.32,25.29,25.27,25.25,25.22,25.2,25.18,25.15,25.13,25.11,25.08,25.06,25.04,25.01,24.99,24.96,24.94
"Arizona","Soil (Mineral)",421.18,421.12,421.07,421.01,420.96,420.9,420.85,420.79,420.74,420.68,420.63,420.57,420.52,420.46,420.41,420.35,420.3,420.24,420.19,420.14,420.08,420.03,419.98,419.92,419.87,419.82,419.77,419.71,419.66,419.61,419.56,419.51,419.46,419.4
"Arizona","Soil (Organic)",,,,,,,,,,,,,,,,,,,,,,,,,,,,,,,,,,
"Arkansas","Total Forest Ecosystem",946.48,961.05,975.42,989.58,1003.53,1017.26,1030.75,1044.01,1057.04,1069.83,1082.41,1094.77,1106.9,1118.82,1130.52,1141.88,1152.89,1163.57,1173.9,1183.89,1193.81,1203.68,1213.48,1223.22,1232.89,1242.64,1252.47,1262.37,1272.34,1282.39,1292.25,1301.94,1311.45,1320.78
"Arkansas","Aboveground Biomass",214.87,226,236.99,247.83,258.54,269.08,279.46,289.68,299.74,309.63,319.37,328.95,338.38,347.66,356.78,365.66,374.29,382.68,390.82,398.71,406.58,414.41,422.2,429.97,437.7,445.51,453.39,461.36,469.39,477.5,485.5,493.38,501.14,508.78
"Arkansas","Belowground Biomass",35.54,37.75,39.93,42.09,44.21,46.29,48.35,50.37,52.35,54.3,56.22,58.1,59.95,61.76,63.54,65.27,66.95,68.58,70.15,71.67,73.18,74.68,76.16,77.64,79.1,80.58,82.07,83.58,85.1,86.63,88.14,89.63,91.1,92.55
"Arkansas","Dead Wood",42.96,43.81,44.64,45.45,46.24,47,47.74,48.45,49.14,49.8,50.44,51.06,51.65,52.22,52.76,53.27,53.74,54.18,54.58,54.95,55.29,55.61,55.9,56.17,56.42,56.65,56.87,57.06,57.24,57.41,57.55,57.66,57.74,57.8
"Arkansas","Litter",45.07,45.44,45.81,46.17,46.51,46.85,47.17,47.49,47.79,48.09,48.38,48.66,48.93,49.19,49.45,49.7,49.93,50.16,50.38,50.59,50.8,51.01,51.21,51.43,51.64,51.85,52.05,52.26,52.47,52.67,52.86,53.04,53.2,53.36
"Arkansas","Soil (Mineral)",608.05,608.05,608.05,608.04,608.04,608.04,608.03,608.03,608.02,608.02,608.01,608,608,607.99,607.99,607.98,607.98,607.98,607.97,607.97,607.98,607.98,608,608.01,608.03,608.05,608.08,608.11,608.14,608.18,608.21,608.24,608.26,608.29
"Arkansas","Soil (Organic)",,,,,,,,,,,,,,,,,,,,,,,,,,,,,,,,,,
"California","Total Forest Ecosystem",2841.86,2852.55,2863.18,2873.77,2884.3,2894.77,2905.19,2915.56,2925.86,2936.11,2946.31,2956.44,2966.52,2976.54,2986.5,2996.41,3006.24,3015.99,3025.66,3035.25,3044.77,3054.2,3063.56,3072.84,3082.04,3091.16,3100.13,3108.96,3117.65,3126.19,3134.59,3142.85,3150.95,3158.92
"California","Aboveground Biomass",963.88,970.09,976.25,982.35,988.41,994.42,1000.37,1006.26,1012.09,1017.86,1023.58,1029.23,1034.83,1040.37,1045.85,1051.28,1056.65,1061.96,1067.22,1072.43,1077.58,1082.68,1087.72,1092.71,1097.65,1102.53,1107.29,1111.94,1116.46,1120.86,1125.15,1129.31,1133.35,1137.27
"California","Belowground Biomass",171.34,172.65,173.95,175.24,176.53,177.8,179.06,180.32,181.56,182.79,184,185.21,186.41,187.59,188.77,189.93,191.08,192.23,193.36,194.48,195.59,196.69,197.78,198.85,199.92,200.98,202.01,203.02,204.01,204.98,205.93,206.85,207.76,208.64
"California","Dead Wood",128.33,131.55,134.77,138,141.23,144.47,147.73,150.99,154.28,157.57,160.88,164.2,167.54,170.89,174.25,177.63,180.99,184.34,187.68,191.01,194.33,197.64,200.93,204.21,207.48,210.74,214,217.27,220.54,223.81,227.09,230.38,233.66,236.96
"California","Litter",135.08,135.14,135.21,135.27,135.34,135.4,135.46,135.52,135.58,135.63,135.69,135.74,135.79,135.84,135.88,135.93,135.97,136.01,136.05,136.08,136.12,136.15,136.17,136.2,136.22,136.25,136.26,136.27,136.28,136.28,136.27,136.26,136.24,136.22
"California","Soil (Mineral)",1443.23,1443.12,1443,1442.89,1442.79,1442.68,1442.58,1442.47,1442.37,1442.26,1442.16,1442.06,1441.95,1441.85,1441.75,1441.65,1441.55,1441.45,1441.35,1441.25,1441.15,1441.05,1440.96,1440.86,1440.76,1440.66,1440.57,1440.47,1440.36,1440.26,1440.16,1440.05,1439.94,1439.83
"California","Soil (Organic)",,,,,,,,,,,,,,,,,,,,,,,,,,,,,,,,,,
"Colorado","Total Forest Ecosystem",1384.56,1382.82,1381.06,1379.28,1377.49,1375.68,1373.85,1372.01,1370.16,1368.28,1366.39,1364.48,1362.56,1360.62,1358.66,1356.69,1354.7,1352.69,1350.66,1348.62,1346.56,1344.47,1342.37,1340.25,1338.12,1335.96,1333.78,1331.6,1329.39,1327.18,1324.95,1322.7,1320.44,1318.17
"Colorado","Aboveground Biomass",411.09,407.52,403.92,400.3,396.64,392.97,389.26,385.53,381.77,377.98,374.17,370.33,366.46,362.57,358.65,354.7,350.72,346.72,342.69,338.64,334.56,330.45,326.31,322.15,317.97,313.75,309.51,305.26,300.98,296.69,292.38,288.05,283.7,279.33
"Colorado","Belowground Biomass",68.13,67.55,66.96,66.37,65.77,65.17,64.57,63.96,63.35,62.73,62.11,61.48,60.85,60.21,59.57,58.93,58.28,57.63,56.97,56.31,55.64,54.97,54.3,53.62,52.93,52.25,51.55,50.86,50.16,49.46,48.75,48.04,47.33,46.61
"Colorado","Dead Wood",36.63,39.37,42.13,44.9,47.7,50.51,53.34,56.19,59.05,61.93,64.83,67.75,70.68,73.63,76.6,79.59,82.59,85.61,88.64,91.68,94.74,97.81,100.89,103.99,107.1,110.22,113.36,116.51,119.66,122.82,125.98,129.15,132.32,135.51
"Colorado","Litter",100.46,100.1,99.74,99.37,99.01,98.64,98.26,97.89,97.51,97.13,96.75,96.36,95.97,95.58,95.19,94.79,94.39,93.99,93.59,93.18,92.78,92.37,91.96,91.54,91.13,90.71,90.29,89.87,89.45,89.02,88.6,88.18,87.76,87.33
"Colorado","Soil (Mineral)",768.26,768.29,768.31,768.34,768.37,768.4,768.42,768.45,768.48,768.51,768.54,768.57,768.6,768.63,768.65,768.69,768.72,768.75,768.78,768.81,768.85,768.88,768.92,768.95,768.99,769.03,769.06,769.1,769.15,769.19,769.24,769.28,769.33,769.39
"Colorado","Soil (Organic)",,,,,,,,,,,,,,,,,,,,,,,,,,,,,,,,,,
"Connecticut","Total Forest Ecosystem",177.9,178.75,179.6,180.46,181.33,182.2,183.08,183.96,184.85,185.74,186.62,187.49,188.36,189.21,190.05,190.88,191.71,192.54,193.36,194.19,195.02,195.84,196.66,197.49,198.31,199.13,199.95,200.77,201.59,202.4,203.22,204.03,204.84,205.64
"Connecticut","Aboveground Biomass",50.2,50.77,51.36,51.95,52.54,53.13,53.72,54.31,54.9,55.49,56.07,56.64,57.2,57.76,58.3,58.83,59.36,59.89,60.42,60.94,61.47,61.99,62.51,63.03,63.55,64.06,64.58,65.1,65.61,66.12,66.63,67.13,67.63,68.13
"Connecticut","Belowground Biomass",8.74,8.85,8.96,9.07,9.19,9.3,9.41,9.52,9.63,9.74,9.85,9.96,10.06,10.17,10.27,10.37,10.47,10.57,10.67,10.77,10.86,10.96,11.06,11.16,11.25,11.35,11.44,11.53,11.63,11.72,11.81,11.9,11.99,12.08
"Connecticut","Dead Wood",2.28,2.42,2.56,2.7,2.85,3,3.16,3.32,3.49,3.66,3.83,4.01,4.19,4.37,4.55,4.74,4.92,5.11,5.31,5.5,5.7,5.9,6.1,6.3,6.5,6.71,6.92,7.12,7.34,7.55,7.77,7.99,8.21,8.44
"Connecticut","Litter",10.63,10.64,10.64,10.65,10.65,10.66,10.66,10.66,10.67,10.67,10.67,10.67,10.68,10.68,10.68,10.68,10.68,10.68,10.68,10.68,10.68,10.68,10.68,10.67,10.67,10.67,10.67,10.67,10.66,10.66,10.66,10.65,10.65,10.64
"Connecticut","Soil (Mineral)",102.81,102.82,102.83,102.84,102.86,102.87,102.88,102.9,102.91,102.93,102.94,102.96,102.97,102.98,102.99,103,103.01,103.02,103.03,103.04,103.04,103.05,103.06,103.06,103.06,103.07,103.07,103.08,103.08,103.08,103.08,103.08,103.08,103.08
"Connecticut","Soil (Organic)",3.25,3.25,3.25,3.25,3.25,3.25,3.25,3.25,3.25,3.25,3.25,3.25,3.26,3.26,3.26,3.26,3.26,3.26,3.26,3.26,3.26,3.27,3.27,3.27,3.27,3.27,3.27,3.27,3.27,3.27,3.27,3.27,3.27,3.27
"Delaware","Total Forest Ecosystem",34.12,34.2,34.29,34.38,34.47,34.56,34.66,34.75,34.85,34.95,35.04,35.14,35.23,35.32,35.41,35.5,35.58,35.67,35.76,35.85,35.94,36.04,36.14,36.24,36.34,36.43,36.53,36.62,36.72,36.8,36.86,36.92,36.96,36.99
"Delaware","Aboveground Biomass",10.65,10.71,10.78,10.85,10.92,10.99,11.07,11.14,11.22,11.31,11.39,11.46,11.54,11.62,11.69,11.77,11.84,11.91,11.99,12.07,12.14,12.22,12.3,12.39,12.47,12.55,12.63,12.71,12.79,12.86,12.92,12.97,13.01,13.04
"Delaware","Belowground Biomass",1.66,1.68,1.7,1.71,1.73,1.75,1.77,1.78,1.8,1.82,1.84,1.85,1.87,1.89,1.9,1.92,1.93,1.95,1.97,1.98,2,2.02,2.03,2.05,2.07,2.09,2.1,2.12,2.14,2.15,2.16,2.17,2.18,2.19
"Delaware","Dead Wood",0.8,0.81,0.82,0.83,0.83,0.84,0.85,0.85,0.86,0.86,0.86,0.87,0.87,0.87,0.87,0.87,0.87,0.88,0.88,0.88,0.88,0.89,0.89,0.89,0.9,0.9,0.9,0.9,0.89,0.89,0.89,0.89,0.88,0.88
"Delaware","Litter",2.75,2.74,2.73,2.73,2.72,2.71,2.71,2.7,2.69,2.69,2.68,2.67,2.67,2.66,2.65,2.65,2.64,2.63,2.62,2.62,2.61,2.61,2.6,2.6,2.59,2.58,2.58,2.57,2.57,2.56,2.56,2.55,2.55,2.54
"Delaware","Soil (Mineral)",16.96,16.96,16.96,16.97,16.97,16.97,16.97,16.97,16.97,16.97,16.97,16.97,16.98,16.98,16.98,16.98,16.98,16.98,16.99,16.99,16.99,16.99,16.99,17,17,17,17,17,17,17,17.01,17.01,17.01,17.01
"Delaware","Soil (Organic)",1.29,1.29,1.29,1.29,1.3,1.3,1.3,1.3,1.3,1.3,1.3,1.3,1.3,1.31,1.31,1.31,1.31,1.31,1.31,1.31,1.32,1.32,1.32,1.32,1.32,1.32,1.32,1.32,1.32,1.33,1.33,1.33,1.33,1.33
"Florida","Total Forest Ecosystem",1014.64,1020.25,1025.83,1031.38,1036.9,1042.39,1047.85,1053.28,1058.68,1064.06,1069.4,1074.63,1079.72,1084.69,1089.53,1094.25,1098.85,1103.38,1107.86,1112.29,1116.66,1120.98,1125.24,1129.48,1133.71,1137.91,1142.09,1146.25,1150.4,1154.39,1158.23,1161.91,1165.45,1168.83
"Florida","Aboveground Biomass",232.65,237.25,241.83,246.37,250.87,255.35,259.8,264.2,268.57,272.91,277.21,281.4,285.46,289.41,293.24,296.96,300.56,304.09,307.56,310.96,314.3,317.57,320.78,323.96,327.1,330.21,333.28,336.32,339.33,342.21,344.98,347.63,350.16,352.56
"Florida","Belowground Biomass",39.63,40.53,41.43,42.32,43.2,44.08,44.95,45.81,46.67,47.53,48.37,49.2,50,50.79,51.55,52.29,53.01,53.72,54.42,55.1,55.78,56.45,57.11,57.76,58.41,59.05,59.69,60.32,60.95,61.55,62.13,62.68,63.21,63.71
"Florida","Dead Wood",39.75,40.25,40.75,41.24,41.73,42.22,42.7,43.18,43.65,44.12,44.58,45.04,45.49,45.92,46.35,46.77,47.18,47.59,48,48.42,48.83,49.25,49.67,50.09,50.51,50.93,51.35,51.77,52.19,52.61,53.01,53.41,53.81,54.19
"Florida","Litter",66.45,66.22,66,65.78,65.57,65.36,65.16,64.97,64.78,64.61,64.44,64.28,64.13,63.99,63.87,63.75,63.64,63.55,63.46,63.38,63.32,63.26,63.21,63.17,63.15,63.13,63.12,63.12,63.12,63.13,63.14,63.14,63.14,63.15
"Florida","Soil (Mineral)",564.47,564.33,564.19,564.05,563.92,563.79,563.67,563.56,563.46,563.36,563.28,563.2,563.14,563.08,563.04,563,562.98,562.97,562.96,562.96,562.97,562.98,563.01,563.04,563.08,563.13,563.2,563.27,563.35,563.43,563.5,563.58,563.65,563.73
"Florida","Soil (Organic)",71.68,71.66,71.64,71.62,71.6,71.58,71.57,71.55,71.54,71.53,71.52,71.51,71.5,71.49,71.49,71.48,71.48,71.47,71.47,71.46,71.46,71.46,71.46,71.46,71.46,71.46,71.46,71.46,71.46,71.46,71.47,71.47,71.48,71.48
"Georgia","Total Forest Ecosystem",1322.81,1332.6,1342.36,1352.15,1361.99,1371.87,1381.79,1391.76,1401.77,1411.88,1422.09,1432.41,1442.83,1453.35,1463.7,1473.87,1483.86,1493.68,1503.32,1512.79,1522.26,1531.72,1541.19,1550.65,1560.12,1569.67,1579.31,1589.03,1598.84,1608.74,1618.37,1627.75,1636.86,1645.7
"Georgia","Aboveground Biomass",394.96,402.79,410.57,418.38,426.2,434.05,441.93,449.82,457.74,465.72,473.75,481.84,489.99,498.2,506.24,514.11,521.82,529.36,536.73,543.94,551.12,558.27,565.4,572.49,579.56,586.67,593.82,601.02,608.27,615.55,622.65,629.55,636.26,642.78
"Georgia","Belowground Biomass",67.88,69.44,71,72.56,74.12,75.69,77.26,78.84,80.43,82.03,83.65,85.28,86.93,88.6,90.24,91.86,93.45,95.02,96.56,98.07,99.59,101.12,102.65,104.18,105.72,107.28,108.84,110.43,112.03,113.64,115.21,116.73,118.21,119.65
"Georgia","Dead Wood",14.82,15.28,15.74,16.21,16.69,17.18,17.67,18.17,18.68,19.21,19.75,20.3,20.87,21.46,22.05,22.65,23.26,23.89,24.52,25.16,25.81,26.49,27.18,27.89,28.62,29.36,30.12,30.9,31.69,32.5,33.3,34.08,34.84,35.59
"Georgia","Litter",64.14,64.35,64.55,64.76,64.96,65.17,65.38,65.59,65.8,66.01,66.22,66.44,66.65,66.87,67.08,67.29,67.48,67.67,67.86,68.03,68.2,68.36,68.52,68.67,68.81,68.95,69.08,69.22,69.35,69.48,69.6,69.71,69.82,69.92
"Georgia","Soil (Mineral)",767.29,767.03,766.77,766.51,766.26,766.02,765.79,765.56,765.34,765.14,764.94,764.76,764.59,764.43,764.28,764.15,764.04,763.93,763.85,763.78,763.72,763.67,763.64,763.62,763.61,763.61,763.63,763.66,763.71,763.76,763.82,763.88,763.93,763.98
"Georgia","Soil (Organic)",13.71,13.72,13.73,13.74,13.75,13.75,13.76,13.77,13.77,13.78,13.79,13.79,13.79,13.8,13.8,13.81,13.81,13.81,13.81,13.81,13.81,13.81,13.81,13.81,13.81,13.81,13.81,13.81,13.81,13.8,13.8,13.8,13.8,13.8
"Hawaii","Total Forest Ecosystem",160.04,160.93,161.81,162.69,163.58,164.47,165.36,166.25,167.14,168.02,168.91,169.8,170.69,171.58,172.47,173.35,174.23,175.12,176.01,176.9,177.79,178.68,179.57,180.45,181.34,182.23,183.12,184.01,184.89,185.78,186.67,187.55,188.44,189.33
"Hawaii","Aboveground Biomass",31.23,31.89,32.54,33.2,33.86,34.52,35.18,35.84,36.5,37.15,37.81,38.47,39.13,39.79,40.45,41.11,41.76,42.42,43.08,43.74,44.4,45.06,45.72,46.37,47.03,47.69,48.35,49.01,49.67,50.33,50.99,51.64,52.3,52.96
"Hawaii","Belowground Biomass",10.87,11.1,11.33,11.55,11.78,12.01,12.24,12.47,12.7,12.93,13.16,13.39,13.62,13.85,14.08,14.3,14.53,14.76,14.99,15.22,15.45,15.68,15.91,16.14,16.37,16.6,16.83,17.06,17.28,17.51,17.74,17.97,18.2,18.43
"Hawaii","Dead Wood",2.41,2.41,2.41,2.41,2.41,2.41,2.41,2.41,2.41,2.41,2.41,2.41,2.41,2.41,2.41,2.41,2.41,2.41,2.41,2.41,2.41,2.41,2.41,2.41,2.41,2.41,2.41,2.41,2.41,2.41,2.41,2.41,2.41,2.41
"Hawaii","Litter",3.51,3.51,3.51,3.51,3.51,3.51,3.51,3.51,3.51,3.51,3.51,3.51,3.51,3.51,3.51,3.51,3.51,3.51,3.51,3.51,3.51,3.51,3.51,3.51,3.51,3.51,3.51,3.51,3.51,3.51,3.51,3.51,3.51,3.51
"Hawaii","Soil (Mineral)",93.48,93.48,93.48,93.48,93.48,93.48,93.48,93.48,93.48,93.48,93.48,93.48,93.48,93.48,93.48,93.48,93.48,93.48,93.48,93.48,93.48,93.48,93.48,93.48,93.48,93.48,93.48,93.48,93.48,93.48,93.48,93.48,93.48,93.48
"Hawaii","Soil (Organic)",18.54,18.54,18.54,18.54,18.54,18.54,18.54,18.54,18.54,18.54,18.54,18.54,18.54,18.54,18.54,18.54,18.54,18.54,18.54,18.54,18.54,18.54,18.54,18.54,18.54,18.54,18.54,18.54,18.54,18.54,18.54,18.54,18.54,18.54
"Idaho","Total Forest Ecosystem",1894.71,1894.9,1895.09,1895.27,1895.44,1895.62,1895.78,1895.94,1896.11,1896.28,1896.45,1896.62,1896.8,1896.98,1897.16,1897.35,1897.54,1897.74,1897.94,1898.16,1898.38,1898.61,1898.85,1899.11,1899.37,1899.64,1899.92,1900.18,1900.43,1900.65,1900.84,1901.02,1901.18,1901.32
"Idaho","Aboveground Biomass",502.84,501.3,499.76,498.21,496.67,495.14,493.6,492.06,490.54,489.03,487.53,486.05,484.59,483.14,481.7,480.28,478.88,477.49,476.13,474.8,473.5,472.23,471,469.79,468.62,467.48,466.37,465.3,464.26,463.26,462.29,461.37,460.48,459.62
"Idaho","Belowground Biomass",90.75,90.55,90.35,90.15,89.95,89.75,89.55,89.35,89.15,88.95,88.76,88.57,88.38,88.2,88.02,87.84,87.66,87.49,87.32,87.16,87,86.85,86.7,86.56,86.43,86.3,86.17,86.06,85.95,85.84,85.74,85.65,85.56,85.48
"Idaho","Dead Wood",117.28,119.5,121.71,123.91,126.11,128.31,130.49,132.68,134.85,137,139.14,141.27,143.38,145.48,147.56,149.63,151.69,153.73,155.74,157.73,159.69,161.62,163.52,165.39,167.23,169.05,170.84,172.56,174.21,175.8,177.32,178.78,180.17,181.49
"Idaho","Litter",117.16,116.87,116.58,116.3,116.01,115.73,115.44,115.16,114.87,114.59,114.31,114.03,113.75,113.47,113.19,112.91,112.64,112.37,112.1,111.83,111.56,111.3,111.05,110.79,110.54,110.29,110.05,109.81,109.57,109.34,109.11,108.89,108.67,108.46
"Idaho","Soil (Mineral)",1066.67,1066.68,1066.69,1066.69,1066.7,1066.7,1066.7,1066.71,1066.71,1066.71,1066.71,1066.71,1066.7,1066.7,1066.69,1066.69,1066.68,1066.67,1066.66,1066.65,1066.63,1066.61,1066.59,1066.57,1066.55,1066.52,1066.5,1066.47,1066.44,1066.41,1066.37,1066.34,1066.3,1066.27
"Idaho","Soil (Organic)",,,,,,,,,,,,,,,,,,,,,,,,,,,,,,,,,,
"Illinois","Total Forest Ecosystem",332.08,333.66,335.24,336.83,338.42,340.02,341.63,343.24,344.86,346.48,348.11,349.75,351.4,353.06,354.72,356.39,358.08,359.79,361.51,363.25,365.01,366.79,368.58,370.4,372.24,374.11,376,377.91,379.85,381.79,383.74,385.69,387.65,389.6
"Illinois","Aboveground Biomass",115.36,116.46,117.55,118.65,119.74,120.84,121.93,123.03,124.12,125.22,126.32,127.41,128.51,129.61,130.71,131.81,132.93,134.05,135.19,136.33,137.49,138.66,139.84,141.04,142.24,143.46,144.7,145.94,147.2,148.47,149.73,150.99,152.26,153.52
"Illinois","Belowground Biomass",19.95,20.14,20.32,20.5,20.69,20.87,21.05,21.23,21.41,21.59,21.77,21.95,22.13,22.31,22.49,22.66,22.84,23.02,23.2,23.39,23.57,23.76,23.95,24.14,24.33,24.52,24.72,24.92,25.12,25.32,25.52,25.72,25.92,26.12
"Illinois","Dead Wood",2.92,3.18,3.44,3.71,3.99,4.27,4.56,4.86,5.16,5.48,5.8,6.13,6.46,6.81,7.17,7.53,7.9,8.27,8.64,9.02,9.4,9.79,10.17,10.57,10.98,11.39,11.81,12.25,12.69,13.13,13.57,14.01,14.46,14.9
"Illinois","Litter",9.78,9.82,9.85,9.89,9.93,9.96,10,10.03,10.07,10.1,10.13,10.16,10.2,10.23,10.26,10.29,10.32,10.35,10.38,10.41,10.44,10.47,10.5,10.53,10.56,10.59,10.62,10.65,10.67,10.7,10.73,10.76,10.78,10.81
"Illinois","Soil (Mineral)",184.06,184.07,184.07,184.08,184.08,184.08,184.09,184.09,184.09,184.09,184.09,184.1,184.1,184.1,184.1,184.1,184.1,184.1,184.1,184.11,184.11,184.12,184.12,184.13,184.14,184.14,184.15,184.16,184.17,184.18,184.2,184.21,184.23,184.25
"Illinois","Soil (Organic)",,,,,,,,,,,,,,,,,,,,,,,,,,,,,,,,,,
"Indiana","Total Forest Ecosystem",348.94,351.74,354.52,357.31,360.1,362.89,365.68,368.49,371.29,374.11,376.92,379.72,382.53,385.33,388.14,390.94,393.77,396.62,399.51,402.42,405.36,408.32,411.31,414.31,417.32,420.33,423.34,426.36,429.39,432.42,435.44,438.47,441.5,444.53
"Indiana","Aboveground Biomass",123.6,125.4,127.2,128.98,130.78,132.57,134.37,136.18,137.99,139.8,141.61,143.43,145.24,147.05,148.87,150.68,152.51,154.37,156.25,158.16,160.08,162.04,164.01,166,167.99,170,172.01,174.04,176.08,178.12,180.17,182.23,184.3,186.37
"Indiana","Belowground Biomass",22.05,22.37,22.69,23,23.32,23.64,23.96,24.28,24.6,24.92,25.25,25.57,25.89,26.21,26.53,26.85,27.17,27.5,27.83,28.17,28.5,28.85,29.19,29.54,29.89,30.24,30.59,30.95,31.3,31.66,32.01,32.37,32.72,33.08
"Indiana","Dead Wood",0.41,1.04,1.67,2.31,2.95,3.59,4.24,4.88,5.53,6.18,6.83,7.48,8.13,8.79,9.44,10.1,10.75,11.41,12.07,12.72,13.38,14.03,14.69,15.34,15.99,16.63,17.27,17.9,18.53,19.15,19.76,20.36,20.95,21.54
"Indiana","Litter",11.48,11.52,11.57,11.61,11.65,11.69,11.73,11.76,11.8,11.83,11.86,11.89,11.92,11.95,11.98,12.01,12.03,12.06,12.09,12.11,12.14,12.16,12.19,12.21,12.23,12.25,12.28,12.3,12.32,12.34,12.35,12.37,12.39,12.41
"Indiana","Soil (Mineral)",187.51,187.52,187.53,187.54,187.55,187.56,187.57,187.58,187.59,187.59,187.6,187.6,187.61,187.61,187.61,187.61,187.61,187.62,187.62,187.62,187.62,187.63,187.63,187.64,187.64,187.64,187.64,187.65,187.65,187.65,187.65,187.65,187.66,187.66
"Indiana","Soil (Organic)",3.89,3.88,3.87,3.86,3.84,3.83,3.82,3.8,3.79,3.78,3.76,3.75,3.74,3.72,3.71,3.69,3.68,3.67,3.65,3.64,3.63,3.61,3.6,3.59,3.57,3.56,3.54,3.53,3.52,3.5,3.49,3.48,3.47,3.46
"Iowa","Total Forest Ecosystem",194.14,195.05,195.97,196.89,197.81,198.74,199.67,200.6,201.53,202.47,203.41,204.35,205.3,206.25,207.21,208.17,209.13,210.1,211.06,212.03,212.99,213.96,214.92,215.89,216.86,217.82,218.79,219.76,220.73,221.7,222.67,223.64,224.61,225.59
"Iowa","Aboveground Biomass",49.32,50.07,50.82,51.57,52.32,53.07,53.82,54.56,55.31,56.06,56.8,57.55,58.29,59.04,59.78,60.52,61.27,62,62.74,63.47,64.21,64.94,65.66,66.39,67.12,67.86,68.59,69.33,70.07,70.8,71.53,72.24,72.95,73.65
"Iowa","Belowground Biomass",7.5,7.63,7.76,7.89,8.02,8.15,8.29,8.42,8.55,8.68,8.81,8.95,9.08,9.21,9.34,9.48,9.61,9.74,9.88,10.01,10.14,10.28,10.41,10.54,10.68,10.82,10.96,11.1,11.24,11.38,11.52,11.65,11.79,11.93
"Iowa","Dead Wood",7.14,7.16,7.19,7.22,7.24,7.27,7.31,7.34,7.37,7.41,7.45,7.49,7.53,7.58,7.63,7.69,7.74,7.8,7.86,7.93,7.99,8.06,8.14,8.21,8.28,8.35,8.42,8.49,8.55,8.63,8.71,8.81,8.91,9.02
"Iowa","Litter",6.04,6.07,6.11,6.14,6.17,6.21,6.24,6.27,6.3,6.34,6.37,6.4,6.43,6.46,6.49,6.52,6.55,6.57,6.6,6.63,6.66,6.68,6.71,6.74,6.76,6.79,6.81,6.83,6.86,6.88,6.9,6.92,6.94,6.96
"Iowa","Soil (Mineral)",123.88,123.86,123.84,123.81,123.79,123.78,123.76,123.75,123.74,123.73,123.72,123.72,123.71,123.71,123.71,123.71,123.71,123.72,123.72,123.73,123.73,123.74,123.74,123.75,123.75,123.76,123.76,123.76,123.76,123.76,123.76,123.76,123.76,123.77
"Iowa","Soil (Organic)",0.26,0.26,0.26,0.26,0.26,0.26,0.26,0.26,0.26,0.26,0.26,0.26,0.26,0.26,0.26,0.26,0.26,0.26,0.26,0.26,0.26,0.26,0.26,0.26,0.26,0.26,0.26,0.26,0.26,0.26,0.26,0.26,0.26,0.26
"Kansas","Total Forest Ecosystem",148.88,149.92,150.95,151.99,153.03,154.07,155.11,156.15,157.2,158.25,159.29,160.33,161.37,162.4,163.43,164.46,165.48,166.5,167.52,168.52,169.53,170.53,171.52,172.5,173.48,174.45,175.42,176.37,177.3,178.21,179.08,179.94,180.76,181.56
"Kansas","Aboveground Biomass",23.51,24.33,25.15,25.97,26.79,27.61,28.43,29.26,30.08,30.91,31.73,32.55,33.36,34.17,34.98,35.78,36.58,37.37,38.16,38.94,39.72,40.49,41.25,42.02,42.77,43.53,44.28,45.02,45.74,46.43,47.09,47.72,48.33,48.91
"Kansas","Belowground Biomass",2.9,3.04,3.18,3.33,3.47,3.62,3.76,3.91,4.06,4.2,4.35,4.5,4.64,4.79,4.93,5.07,5.22,5.36,5.5,5.65,5.79,5.93,6.07,6.21,6.35,6.49,6.63,6.77,6.9,7.04,7.16,7.29,7.41,7.52
"Kansas","Dead Wood",3.19,3.24,3.3,3.36,3.42,3.48,3.54,3.6,3.66,3.73,3.79,3.86,3.93,4,4.06,4.13,4.21,4.28,4.35,4.43,4.5,4.58,4.66,4.74,4.82,4.89,4.97,5.04,5.12,5.21,5.3,5.39,5.49,5.6
"Kansas","Litter",4.38,4.4,4.42,4.43,4.45,4.47,4.49,4.5,4.52,4.53,4.55,4.56,4.58,4.59,4.61,4.62,4.63,4.65,4.66,4.67,4.68,4.69,4.7,4.72,4.73,4.74,4.75,4.76,4.77,4.77,4.79,4.8,4.81,4.82
"Kansas","Soil (Mineral)",114.91,114.91,114.91,114.9,114.9,114.89,114.89,114.88,114.88,114.87,114.87,114.86,114.86,114.85,114.85,114.85,114.85,114.84,114.84,114.84,114.84,114.84,114.83,114.83,114.82,114.81,114.8,114.79,114.77,114.76,114.75,114.74,114.72,114.71
"Kansas","Soil (Organic)",,,,,,,,,,,,,,,,,,,,,,,,,,,,,,,,,,
"Kentucky","Total Forest Ecosystem",809.12,816.52,823.9,831.26,838.59,845.9,853.18,860.43,867.66,874.82,881.92,888.95,895.92,902.82,909.65,916.42,923.16,929.86,936.52,943.14,949.73,956.28,962.82,969.34,975.85,982.34,988.81,995.27,1001.68,1008.06,1014.39,1020.68,1026.93,1033.13
"Kentucky","Aboveground Biomass",261.22,266.63,272.02,277.4,282.75,288.08,293.39,298.69,303.96,309.18,314.35,319.47,324.54,329.57,334.54,339.46,344.37,349.25,354.1,358.94,363.75,368.54,373.32,378.11,382.88,387.66,392.43,397.19,401.93,406.65,411.35,416.02,420.67,425.3
"Kentucky","Belowground Biomass",46.89,47.86,48.82,49.78,50.74,51.69,52.64,53.58,54.52,55.45,56.37,57.28,58.19,59.08,59.96,60.84,61.7,62.57,63.43,64.28,65.13,65.98,66.82,67.67,68.51,69.35,70.18,71.02,71.85,72.68,73.5,74.32,75.13,75.94
"Kentucky","Dead Wood",10.64,11.48,12.31,13.15,13.99,14.83,15.67,16.52,17.37,18.22,19.06,19.9,20.74,21.57,22.41,23.24,24.06,24.88,25.69,26.5,27.3,28.1,28.89,29.67,30.45,31.22,31.99,32.74,33.49,34.23,34.95,35.67,36.37,37.07
"Kentucky","Litter",31.52,31.7,31.86,32.03,32.19,32.34,32.49,32.64,32.78,32.91,33.04,33.17,33.29,33.4,33.52,33.63,33.73,33.83,33.92,34.01,34.1,34.18,34.25,34.33,34.39,34.46,34.52,34.57,34.62,34.67,34.71,34.75,34.79,34.82
"Kentucky","Soil (Mineral)",458.84,458.86,458.88,458.91,458.93,458.95,458.98,459.01,459.04,459.06,459.1,459.13,459.16,459.19,459.23,459.26,459.3,459.34,459.37,459.41,459.45,459.49,459.53,459.57,459.61,459.65,459.7,459.74,459.78,459.83,459.87,459.92,459.96,460.01
"Kentucky","Soil (Organic)",,,,,,,,,,,,,,,,,,,,,,,,,,,,,,,,,,
"Louisiana","Total Forest Ecosystem",795.48,801.75,807.98,814.16,820.3,826.4,832.46,838.48,844.46,850.39,856.28,862.25,868.3,874.43,880.63,886.91,893.26,899.7,906.21,912.81,919.51,926.3,933.17,940.14,947.21,954.36,961.61,968.94,976.23,983.45,990.62,997.73,1004.78,1011.78
"Louisiana","Aboveground Biomass",210.69,215.59,220.46,225.3,230.1,234.87,239.61,244.32,249,253.64,258.26,262.93,267.67,272.46,277.32,282.23,287.21,292.25,297.34,302.51,307.74,313.04,318.41,323.85,329.35,334.93,340.57,346.28,351.94,357.55,363.11,368.62,374.08,379.49
"Louisiana","Belowground Biomass",38.43,39.4,40.37,41.33,42.29,43.23,44.17,45.1,46.03,46.94,47.85,48.78,49.71,50.66,51.61,52.58,53.57,54.56,55.56,56.59,57.63,58.68,59.76,60.85,61.96,63.08,64.23,65.38,66.54,67.69,68.84,69.98,71.12,72.25
"Louisiana","Dead Wood",28.33,28.64,28.94,29.24,29.54,29.83,30.12,30.41,30.7,30.98,31.26,31.55,31.83,32.12,32.42,32.71,33.01,33.32,33.62,33.94,34.25,34.58,34.91,35.24,35.59,35.93,36.29,36.65,37.01,37.37,37.73,38.1,38.46,38.83
"Louisiana","Litter",34.1,34.19,34.28,34.37,34.46,34.55,34.64,34.73,34.82,34.91,35,35.09,35.18,35.28,35.38,35.48,35.58,35.69,35.79,35.9,36.01,36.12,36.22,36.33,36.44,36.54,36.65,36.76,36.86,36.96,37.05,37.13,37.21,37.29
"Louisiana","Soil (Mineral)",477.09,477.09,477.1,477.1,477.1,477.11,477.11,477.11,477.12,477.12,477.13,477.13,477.13,477.14,477.14,477.14,477.14,477.15,477.15,477.15,477.15,477.16,477.16,477.16,477.17,477.18,477.18,477.19,477.2,477.21,477.22,477.23,477.25,477.27
"Louisiana","Soil (Organic)",6.84,6.83,6.83,6.82,6.82,6.81,6.81,6.8,6.8,6.79,6.78,6.78,6.77,6.77,6.76,6.76,6.75,6.74,6.74,6.73,6.73,6.72,6.72,6.71,6.7,6.7,6.69,6.69,6.68,6.67,6.67,6.66,6.66,6.66
"Maine","Total Forest Ecosystem",1438.99,1442.86,1446.72,1450.57,1454.41,1458.3,1462.22,1466.19,1470.21,1474.26,1478.38,1482.58,1486.84,1491.18,1495.58,1500.07,1504.64,1509.28,1514.01,1518.82,1523.71,1528.68,1533.74,1538.88,1544.1,1549.34,1554.61,1559.9,1565.21,1570.55,1575.83,1581.05,1586.21,1591.32
"Maine","Aboveground Biomass",315.83,318.39,320.95,323.5,326.04,328.6,331.2,333.82,336.47,339.15,341.87,344.64,347.45,350.31,353.21,356.17,359.17,362.22,365.32,368.48,371.67,374.92,378.21,381.56,384.94,388.33,391.72,395.12,398.51,401.9,405.24,408.52,411.74,414.91
"Maine","Belowground Biomass",54.05,54.48,54.91,55.34,55.77,56.2,56.63,57.08,57.52,57.97,58.43,58.9,59.37,59.85,60.33,60.83,61.33,61.84,62.36,62.89,63.43,63.98,64.53,65.1,65.67,66.25,66.83,67.42,68.01,68.6,69.18,69.75,70.32,70.88
"Maine","Dead Wood",33.95,34.61,35.27,35.94,36.6,37.28,37.97,38.67,39.38,40.11,40.86,41.63,42.42,43.24,44.07,44.93,45.83,46.75,47.7,48.67,49.68,50.72,51.79,52.88,54.01,55.17,56.34,57.54,58.76,60.01,61.26,62.51,63.76,65.02
"Maine","Litter",110.23,110.33,110.43,110.53,110.63,110.72,110.82,110.91,111.01,111.1,111.2,111.29,111.39,111.49,111.59,111.69,111.79,111.88,111.98,112.07,112.16,112.25,112.33,112.42,112.5,112.57,112.65,112.72,112.78,112.85,112.91,112.97,113.03,113.09
"Maine","Soil (Mineral)",879.36,879.44,879.52,879.6,879.69,879.77,879.85,879.93,880.01,880.08,880.15,880.22,880.28,880.34,880.39,880.44,880.49,880.53,880.57,880.6,880.63,880.67,880.7,880.72,880.75,880.78,880.81,880.84,880.87,880.9,880.93,880.97,881.01,881.06
"Maine","Soil (Organic)",45.58,45.61,45.64,45.66,45.69,45.72,45.75,45.78,45.81,45.84,45.87,45.9,45.93,45.96,45.98,46.01,46.03,46.06,46.08,46.11,46.13,46.16,46.18,46.2,46.22,46.24,46.25,46.27,46.29,46.3,46.31,46.33,46.34,46.36
"Maryland","Total Forest Ecosystem",201.33,203.18,205,206.81,208.61,210.38,212.14,213.89,215.62,217.33,219.02,220.7,222.35,223.99,225.6,227.19,228.79,230.37,231.96,233.54,235.12,236.69,238.25,239.81,241.35,242.88,244.4,245.91,247.39,248.85,250.29,251.7,253.09,254.45
"Maryland","Aboveground Biomass",64.05,65.49,66.92,68.34,69.74,71.13,72.51,73.87,75.23,76.57,77.89,79.2,80.49,81.77,83.04,84.29,85.53,86.77,88.01,89.24,90.47,91.7,92.91,94.11,95.31,96.49,97.66,98.83,99.97,101.09,102.19,103.26,104.32,105.36
"Maryland","Belowground Biomass",10.51,10.79,11.07,11.34,11.61,11.87,12.14,12.4,12.65,12.9,13.15,13.4,13.64,13.88,14.11,14.34,14.57,14.8,15.03,15.25,15.48,15.7,15.92,16.13,16.35,16.56,16.76,16.97,17.17,17.36,17.55,17.74,17.92,18.1
"Maryland","Dead Wood",3.33,3.47,3.61,3.75,3.89,4.03,4.16,4.3,4.44,4.58,4.72,4.86,4.99,5.13,5.26,5.4,5.54,5.68,5.82,5.96,6.11,6.26,6.42,6.57,6.73,6.9,7.06,7.23,7.4,7.57,7.75,7.92,8.09,8.27
"Maryland","Litter",13.6,13.62,13.63,13.65,13.67,13.68,13.7,13.71,13.72,13.73,13.75,13.76,13.77,13.78,13.79,13.8,13.81,13.82,13.83,13.84,13.84,13.85,13.85,13.85,13.86,13.86,13.86,13.85,13.85,13.85,13.84,13.84,13.83,13.83
"Maryland","Soil (Mineral)",107.47,107.44,107.4,107.37,107.34,107.3,107.27,107.24,107.21,107.18,107.14,107.11,107.08,107.05,107.02,106.99,106.96,106.93,106.9,106.87,106.84,106.81,106.78,106.76,106.73,106.7,106.68,106.66,106.63,106.61,106.59,106.57,106.54,106.52
"Maryland","Soil (Organic)",2.37,2.37,2.37,2.37,2.37,2.37,2.37,2.37,2.37,2.37,2.37,2.37,2.37,2.37,2.37,2.37,2.37,2.37,2.37,2.37,2.37,2.37,2.38,2.38,2.38,2.38,2.38,2.38,2.38,2.38,2.38,2.38,2.38,2.38
"Massachusetts","Total Forest Ecosystem",305.78,306.77,307.78,308.8,309.85,310.93,312.02,313.14,314.27,315.43,316.61,317.81,319.01,320.24,321.48,322.74,324.01,325.3,326.61,327.93,329.26,330.61,331.97,333.34,334.73,336.13,337.53,338.96,340.37,341.77,343.16,344.54,345.92,347.28
"Massachusetts","Aboveground Biomass",89.57,90.26,90.95,91.66,92.39,93.13,93.88,94.65,95.44,96.23,97.04,97.86,98.68,99.52,100.37,101.22,102.08,102.96,103.83,104.72,105.62,106.52,107.44,108.36,109.3,110.24,111.2,112.17,113.13,114.09,115.04,116,116.94,117.89
"Massachusetts","Belowground Biomass",15.84,15.97,16.1,16.24,16.38,16.52,16.67,16.82,16.98,17.13,17.29,17.45,17.62,17.78,17.95,18.12,18.29,18.47,18.64,18.82,19,19.18,19.37,19.55,19.74,19.93,20.12,20.31,20.5,20.69,20.88,21.07,21.26,21.44
"Massachusetts","Dead Wood",3.53,3.65,3.78,3.91,4.05,4.19,4.34,4.5,4.65,4.82,4.98,5.16,5.34,5.52,5.71,5.91,6.11,6.31,6.52,6.73,6.95,7.17,7.39,7.6,7.82,8.04,8.26,8.47,8.69,8.89,9.1,9.29,9.49,9.68
"Massachusetts","Litter",18.83,18.84,18.85,18.86,18.87,18.88,18.9,18.91,18.92,18.93,18.94,18.96,18.97,18.98,18.99,19,19.01,19.02,19.03,19.04,19.05,19.06,19.07,19.08,19.1,19.11,19.13,19.15,19.17,19.19,19.21,19.23,19.25,19.27
"Massachusetts","Soil (Mineral)",165.2,165.25,165.31,165.36,165.42,165.47,165.53,165.58,165.64,165.7,165.75,165.81,165.86,165.91,165.96,166.01,166.07,166.12,166.17,166.22,166.28,166.33,166.39,166.44,166.48,166.53,166.57,166.61,166.65,166.68,166.72,166.75,166.79,166.82
"Massachusetts","Soil (Organic)",12.82,12.8,12.78,12.76,12.74,12.72,12.7,12.67,12.65,12.62,12.6,12.57,12.55,12.52,12.5,12.47,12.45,12.43,12.4,12.38,12.36,12.34,12.32,12.31,12.29,12.27,12.26,12.25,12.23,12.22,12.21,12.2,12.19,12.18
"Michigan","Total Forest Ecosystem",1569.65,1575.29,1580.9,1586.49,1592.08,1597.67,1603.26,1608.85,1614.43,1620.02,1625.62,1631.23,1636.85,1642.48,1648.12,1653.78,1659.48,1665.23,1671.03,1676.87,1682.77,1688.72,1694.69,1700.7,1706.75,1712.82,1718.92,1725.06,1731.16,1737.23,1743.27,1749.28,1755.26,1761.2
"Michigan","Aboveground Biomass",427.93,431.64,435.33,438.98,442.63,446.26,449.88,453.48,457.08,460.66,464.24,467.83,471.41,475,478.58,482.17,485.79,489.44,493.12,496.83,500.58,504.36,508.15,511.97,515.81,519.67,523.55,527.45,531.32,535.17,538.98,542.78,546.54,550.28
"Michigan","Belowground Biomass",77.45,78.07,78.69,79.3,79.92,80.53,81.14,81.75,82.35,82.96,83.57,84.17,84.78,85.39,86,86.61,87.22,87.84,88.46,89.1,89.73,90.37,91.02,91.67,92.32,92.98,93.64,94.3,94.96,95.62,96.26,96.9,97.54,98.17
"Michigan","Dead Wood",25.12,26.39,27.67,28.96,30.27,31.59,32.93,34.28,35.64,37.02,38.42,39.82,41.24,42.66,44.11,45.56,47.03,48.51,50.01,51.52,53.05,54.59,56.14,57.71,59.29,60.87,62.47,64.08,65.68,67.29,68.89,70.49,72.09,73.69
"Michigan","Litter",82.12,82.25,82.37,82.49,82.61,82.73,82.84,82.95,83.06,83.16,83.26,83.36,83.46,83.56,83.65,83.75,83.84,83.93,84.01,84.1,84.19,84.27,84.35,84.43,84.51,84.59,84.67,84.74,84.81,84.88,84.95,85.01,85.07,85.12
"Michigan","Soil (Mineral)",783.08,782.84,782.59,782.35,782.11,781.87,781.63,781.39,781.16,780.93,780.7,780.48,780.26,780.04,779.83,779.62,779.41,779.2,779,778.8,778.6,778.4,778.21,778.03,777.85,777.68,777.51,777.35,777.2,777.04,776.9,776.75,776.61,776.47
"Michigan","Soil (Organic)",173.94,174.1,174.25,174.4,174.55,174.7,174.85,174.99,175.14,175.29,175.43,175.57,175.7,175.83,175.96,176.08,176.2,176.31,176.42,176.53,176.63,176.72,176.81,176.89,176.96,177.03,177.09,177.13,177.19,177.24,177.29,177.35,177.41,177.47
"Minnesota","Total Forest Ecosystem",1220.95,1225.58,1230.19,1234.79,1239.38,1243.94,1248.48,1253.01,1257.51,1261.99,1266.48,1270.97,1275.46,1279.97,1284.47,1289.01,1293.57,1298.16,1302.77,1307.42,1312.13,1316.92,1321.79,1326.73,1331.74,1336.81,1341.94,1347.14,1352.39,1357.71,1363.03,1368.35,1373.68,1379.01
"Minnesota","Aboveground Biomass",221.51,224.88,228.23,231.58,234.9,238.21,241.51,244.79,248.05,251.29,254.54,257.8,261.06,264.33,267.6,270.9,274.22,277.56,280.92,284.31,287.75,291.24,294.79,298.39,302.04,305.73,309.46,313.23,317.04,320.88,324.72,328.54,332.37,336.18
"Minnesota","Belowground Biomass",36.98,37.55,38.12,38.68,39.25,39.81,40.36,40.92,41.47,42.02,42.57,43.12,43.68,44.23,44.78,45.34,45.9,46.47,47.03,47.6,48.18,48.77,49.37,49.98,50.59,51.21,51.84,52.47,53.11,53.76,54.41,55.05,55.7,56.35
"Minnesota","Dead Wood",39.83,40.28,40.72,41.17,41.62,42.06,42.51,42.95,43.4,43.84,44.29,44.74,45.19,45.65,46.11,46.58,47.07,47.56,48.07,48.59,49.13,49.7,50.29,50.91,51.55,52.22,52.91,53.64,54.39,55.17,55.96,56.76,57.58,58.4
"Minnesota","Litter",72.61,72.7,72.79,72.88,72.96,73.05,73.14,73.22,73.31,73.39,73.48,73.56,73.64,73.72,73.8,73.88,73.96,74.03,74.11,74.18,74.25,74.32,74.39,74.46,74.53,74.6,74.67,74.74,74.81,74.87,74.94,75.01,75.08,75.15
"Minnesota","Soil (Mineral)",612.59,612.52,612.45,612.38,612.3,612.23,612.16,612.09,612.02,611.96,611.89,611.82,611.75,611.69,611.62,611.55,611.49,611.42,611.35,611.29,611.22,611.16,611.09,611.02,610.95,610.89,610.82,610.75,610.69,610.62,610.56,610.5,610.44,610.39
"Minnesota","Soil (Organic)",237.43,237.65,237.88,238.11,238.34,238.57,238.8,239.03,239.26,239.49,239.71,239.93,240.14,240.35,240.56,240.75,240.94,241.12,241.29,241.44,241.59,241.73,241.85,241.97,242.07,242.16,242.24,242.3,242.36,242.4,242.44,242.48,242.51,242.54
"Mississippi","Total Forest Ecosystem",819.74,837.91,856.06,874.2,892.32,910.49,928.71,946.98,965.3,983.68,1002.1,1020.58,1038.96,1057.24,1075.42,1093.51,1111.5,1129.4,1147.28,1165.14,1182.99,1200.82,1218.63,1236.43,1254.19,1271.9,1289.57,1307.2,1324.78,1342.33,1359.45,1376.16,1392.44,1408.31
"Mississippi","Aboveground Biomass",141.43,155.25,169.05,182.83,196.6,210.41,224.25,238.12,252.03,265.98,279.96,293.97,307.9,321.75,335.51,349.19,362.79,376.3,389.79,403.26,416.71,430.14,443.54,456.93,470.27,483.57,496.83,510.05,523.23,536.37,549.2,561.72,573.94,585.84
"Mississippi","Belowground Biomass",19.48,22.3,25.12,27.93,30.74,33.56,36.38,39.21,42.04,44.89,47.74,50.59,53.44,56.27,59.09,61.89,64.69,67.47,70.25,73.04,75.83,78.62,81.42,84.22,87.01,89.81,92.6,95.38,98.17,100.95,103.66,106.31,108.89,111.41
"Mississippi","Dead Wood",11.97,13.29,14.61,15.93,17.24,18.57,19.9,21.23,22.57,23.91,25.25,26.6,27.95,29.3,30.66,32.01,33.36,34.71,36.07,37.45,38.83,40.22,41.62,43.03,44.45,45.88,47.31,48.76,50.21,51.66,53.09,54.48,55.83,57.16
"Mississippi","Litter",33.99,34.39,34.78,35.18,35.57,35.97,36.36,36.75,37.15,37.54,37.93,38.32,38.7,39.07,39.42,39.77,40.1,40.43,40.74,41.03,41.31,41.57,41.82,42.05,42.26,42.46,42.65,42.82,42.97,43.11,43.23,43.35,43.45,43.54
"Mississippi","Soil (Mineral)",603.31,603.15,603,602.84,602.7,602.55,602.41,602.28,602.15,602.02,601.9,601.79,601.68,601.59,601.5,601.42,601.35,601.29,601.24,601.19,601.16,601.13,601.11,601.1,601.09,601.1,601.11,601.13,601.16,601.2,601.24,601.28,601.31,601.35
"Mississippi","Soil (Organic)",9.56,9.54,9.51,9.49,9.46,9.44,9.41,9.39,9.37,9.35,9.33,9.31,9.29,9.27,9.25,9.23,9.21,9.2,9.18,9.17,9.15,9.14,9.12,9.11,9.1,9.09,9.07,9.06,9.05,9.04,9.03,9.02,9.01,9
"Missouri","Total Forest Ecosystem",996.05,1001.67,1007.26,1012.83,1018.36,1023.85,1029.32,1034.74,1040.13,1045.48,1050.81,1056.12,1061.4,1066.65,1071.89,1077.09,1082.28,1087.46,1092.61,1097.75,1102.86,1107.96,1113.04,1118.11,1123.16,1128.19,1133.2,1138.19,1143.17,1148.11,1153.01,1157.87,1162.7,1167.48
"Missouri","Aboveground Biomass",292.03,296.15,300.24,304.31,308.35,312.37,316.35,320.31,324.24,328.14,332.02,335.87,339.71,343.53,347.32,351.1,354.86,358.6,362.33,366.04,369.74,373.42,377.09,380.74,384.38,388.01,391.62,395.23,398.82,402.37,405.89,409.37,412.82,416.23
"Missouri","Belowground Biomass",48.74,49.53,50.32,51.11,51.89,52.67,53.44,54.21,54.97,55.72,56.47,57.22,57.96,58.7,59.44,60.17,60.9,61.62,62.35,63.07,63.78,64.49,65.2,65.91,66.61,67.31,68.01,68.7,69.39,70.07,70.75,71.42,72.08,72.73
"Missouri","Dead Wood",21.03,21.68,22.34,22.99,23.65,24.3,24.96,25.61,26.26,26.92,27.57,28.23,28.89,29.55,30.21,30.88,31.54,32.21,32.87,33.54,34.21,34.88,35.55,36.22,36.89,37.56,38.23,38.9,39.57,40.24,40.92,41.6,42.28,42.96
"Missouri","Litter",39.89,40.01,40.13,40.25,40.36,40.48,40.59,40.7,40.81,40.92,41.03,41.13,41.23,41.33,41.43,41.53,41.63,41.73,41.82,41.91,42.01,42.1,42.19,42.28,42.36,42.45,42.53,42.61,42.69,42.77,42.85,42.93,43,43.07
"Missouri","Soil (Mineral)",594.36,594.3,594.23,594.17,594.1,594.04,593.97,593.91,593.85,593.78,593.72,593.66,593.6,593.54,593.48,593.42,593.36,593.3,593.24,593.18,593.13,593.07,593.01,592.96,592.91,592.85,592.8,592.75,592.7,592.65,592.61,592.57,592.53,592.49
"Missouri","Soil (Organic)",,,,,,,,,,,,,,,,,,,,,,,,,,,,,,,,,,
"Montana","Total Forest Ecosystem",2126.1,2124.77,2123.44,2122.09,2120.74,2119.38,2118,2116.62,2115.24,2113.85,2112.46,2111.06,2109.65,2108.24,2106.83,2105.41,2103.98,2102.56,2101.14,2099.73,2098.32,2096.91,2095.5,2094.1,2092.7,2091.3,2089.91,2088.52,2087.13,2085.76,2084.38,2083.01,2081.65,2080.29
"Montana","Aboveground Biomass",557.02,553.01,548.99,544.97,540.94,536.91,532.87,528.83,524.8,520.77,516.74,512.71,508.69,504.68,500.66,496.65,492.64,488.64,484.65,480.67,476.7,472.74,468.78,464.84,460.9,456.97,453.05,449.15,445.27,441.41,437.56,433.73,429.92,426.12
"Montana","Belowground Biomass",97.48,96.83,96.17,95.52,94.87,94.21,93.56,92.9,92.25,91.59,90.94,90.28,89.63,88.98,88.32,87.67,87.02,86.37,85.72,85.07,84.43,83.78,83.14,82.5,81.85,81.21,80.58,79.94,79.31,78.68,78.05,77.42,76.8,76.18
"Montana","Dead Wood",106.02,109.64,113.26,116.88,120.49,124.1,127.71,131.31,134.89,138.47,142.04,145.6,149.15,152.69,156.22,159.74,163.25,166.75,170.24,173.72,177.19,180.64,184.09,187.53,190.96,194.38,197.78,201.17,204.54,207.89,211.22,214.54,217.84,221.11
"Montana","Litter",155.21,154.81,154.41,154.01,153.61,153.21,152.81,152.41,152.01,151.62,151.22,150.83,150.44,150.05,149.66,149.28,148.89,148.51,148.13,147.76,147.38,147.01,146.64,146.28,145.92,145.56,145.2,144.84,144.49,144.15,143.8,143.47,143.13,142.8
"Montana","Soil (Mineral)",1208.02,1208.15,1208.28,1208.41,1208.54,1208.67,1208.8,1208.93,1209.06,1209.18,1209.31,1209.44,1209.56,1209.69,1209.81,1209.93,1210.05,1210.18,1210.3,1210.42,1210.55,1210.67,1210.79,1210.92,1211.04,1211.17,1211.29,1211.42,1211.54,1211.67,1211.79,1211.92,1212.04,1212.16
"Montana","Soil (Organic)",2.34,2.33,2.31,2.3,2.29,2.27,2.26,2.25,2.23,2.22,2.21,2.19,2.18,2.17,2.15,2.14,2.13,2.11,2.1,2.09,2.08,2.06,2.05,2.04,2.03,2.01,2,1.99,1.98,1.97,1.95,1.94,1.93,1.92
"Nebraska","Total Forest Ecosystem",80.79,81.09,81.38,81.67,81.97,82.26,82.55,82.84,83.13,83.42,83.71,84,84.29,84.57,84.86,85.14,85.43,85.71,85.99,86.27,86.55,86.83,87.11,87.4,87.69,87.99,88.29,88.6,88.91,89.2,89.5,89.79,90.08,90.36
"Nebraska","Aboveground Biomass",15.34,15.6,15.87,16.12,16.38,16.64,16.9,17.16,17.42,17.68,17.94,18.2,18.45,18.71,18.96,19.21,19.46,19.7,19.95,20.2,20.45,20.7,20.94,21.19,21.44,21.68,21.93,22.18,22.42,22.66,22.9,23.13,23.36,23.58
"Nebraska","Belowground Biomass",2.06,2.11,2.16,2.22,2.27,2.33,2.38,2.43,2.49,2.54,2.6,2.65,2.71,2.76,2.81,2.87,2.92,2.97,3.02,3.07,3.13,3.18,3.23,3.28,3.33,3.38,3.44,3.49,3.54,3.59,3.64,3.69,3.74,3.78
"Nebraska","Dead Wood",2.28,2.29,2.3,2.31,2.31,2.32,2.32,2.33,2.33,2.34,2.34,2.35,2.35,2.36,2.37,2.38,2.39,2.39,2.4,2.4,2.4,2.39,2.39,2.4,2.4,2.41,2.42,2.44,2.45,2.47,2.48,2.5,2.51,2.52
"Nebraska","Litter",3.31,3.31,3.32,3.32,3.32,3.33,3.33,3.34,3.35,3.35,3.36,3.36,3.37,3.37,3.37,3.38,3.38,3.39,3.39,3.39,3.39,3.4,3.4,3.4,3.41,3.41,3.41,3.41,3.42,3.42,3.42,3.42,3.43,3.43
"Nebraska","Soil (Mineral)",57.81,57.77,57.74,57.71,57.67,57.64,57.61,57.57,57.54,57.51,57.47,57.44,57.41,57.37,57.34,57.31,57.28,57.25,57.23,57.21,57.18,57.16,57.15,57.13,57.12,57.1,57.09,57.08,57.07,57.06,57.06,57.05,57.04,57.04
"Nebraska","Soil (Organic)",,,,,,,,,,,,,,,,,,,,,,,,,,,,,,,,,,
"Nevada","Total Forest Ecosystem",362.33,362.55,362.75,362.96,363.16,363.36,363.56,363.76,363.95,364.14,364.32,364.49,364.66,364.83,364.99,365.14,365.29,365.44,365.58,365.71,365.84,365.96,366.08,366.19,366.3,366.4,366.5,366.59,366.68,366.76,366.83,366.9,366.97,367.03
"Nevada","Aboveground Biomass",52.14,52.18,52.21,52.24,52.27,52.3,52.32,52.34,52.36,52.38,52.39,52.39,52.4,52.4,52.4,52.39,52.38,52.37,52.35,52.33,52.3,52.28,52.25,52.22,52.18,52.14,52.1,52.06,52.01,51.96,51.9,51.84,51.78,51.72
"Nevada","Belowground Biomass",8.79,8.81,8.83,8.85,8.87,8.89,8.91,8.92,8.94,8.96,8.97,8.99,9.01,9.02,9.04,9.05,9.06,9.08,9.09,9.1,9.12,9.13,9.14,9.15,9.16,9.18,9.19,9.2,9.21,9.22,9.23,9.23,9.24,9.25
"Nevada","Dead Wood",4.99,5.16,5.34,5.51,5.68,5.86,6.03,6.21,6.38,6.56,6.73,6.91,7.08,7.25,7.42,7.59,7.76,7.93,8.1,8.26,8.42,8.58,8.74,8.9,9.05,9.2,9.35,9.5,9.64,9.79,9.93,10.07,10.2,10.34
"Nevada","Litter",15.11,15.12,15.12,15.13,15.14,15.15,15.16,15.16,15.17,15.18,15.19,15.19,15.2,15.2,15.21,15.21,15.22,15.22,15.23,15.23,15.24,15.24,15.24,15.24,15.24,15.25,15.25,15.25,15.25,15.25,15.25,15.25,15.25,15.24
"Nevada","Soil (Mineral)",281.31,281.28,281.25,281.23,281.2,281.17,281.15,281.12,281.09,281.07,281.04,281.01,280.98,280.96,280.93,280.9,280.87,280.84,280.81,280.79,280.76,280.73,280.71,280.68,280.66,280.64,280.62,280.59,280.57,280.55,280.53,280.51,280.49,280.47
"Nevada","Soil (Organic)",,,,,,,,,,,,,,,,,,,,,,,,,,,,,,,,,,
"New Hampshire","Total Forest Ecosystem",456.56,458.61,460.64,462.65,464.64,466.61,468.57,470.5,472.43,474.33,476.22,478.1,479.97,481.83,483.68,485.52,487.35,489.19,491.02,492.86,494.69,496.52,498.36,500.19,502.02,503.84,505.66,507.48,509.3,511.09,512.86,514.6,516.31,518
"New Hampshire","Aboveground Biomass",115.18,116.69,118.17,119.64,121.08,122.52,123.93,125.34,126.72,128.09,129.45,130.8,132.13,133.45,134.77,136.07,137.36,138.65,139.93,141.21,142.49,143.77,145.04,146.31,147.58,148.85,150.11,151.37,152.63,153.87,155.08,156.28,157.46,158.61
"New Hampshire","Belowground Biomass",21.15,21.4,21.64,21.88,22.12,22.36,22.6,22.83,23.07,23.3,23.53,23.76,23.98,24.21,24.44,24.66,24.89,25.11,25.34,25.56,25.78,26.01,26.23,26.46,26.68,26.91,27.13,27.36,27.58,27.8,28.02,28.23,28.44,28.65
"New Hampshire","Dead Wood",8.57,8.8,9.03,9.26,9.5,9.73,9.97,10.21,10.45,10.69,10.93,11.17,11.41,11.66,11.9,12.15,12.4,12.65,12.9,13.15,13.4,13.66,13.91,14.16,14.42,14.68,14.95,15.22,15.48,15.75,16.02,16.29,16.55,16.82
"New Hampshire","Litter",30.67,30.69,30.71,30.73,30.74,30.76,30.78,30.79,30.81,30.82,30.83,30.84,30.86,30.87,30.87,30.88,30.89,30.89,30.9,30.9,30.91,30.91,30.91,30.91,30.91,30.91,30.91,30.91,30.9,30.9,30.89,30.88,30.86,30.85
"New Hampshire","Soil (Mineral)",274.89,274.93,274.97,275.01,275.05,275.09,275.13,275.17,275.21,275.25,275.29,275.33,275.38,275.43,275.48,275.54,275.6,275.67,275.74,275.81,275.88,275.96,276.05,276.13,276.21,276.28,276.36,276.43,276.5,276.57,276.65,276.72,276.8,276.89
"New Hampshire","Soil (Organic)",6.09,6.1,6.12,6.13,6.14,6.15,6.16,6.17,6.18,6.18,6.19,6.2,6.2,6.21,6.21,6.22,6.22,6.22,6.22,6.22,6.22,6.22,6.22,6.22,6.21,6.21,6.21,6.21,6.2,6.2,6.2,6.19,6.19,6.19
"New Jersey","Total Forest Ecosystem",162.66,163.6,164.55,165.5,166.46,167.42,168.39,169.37,170.36,171.35,172.35,173.36,174.37,175.4,176.42,177.44,178.46,179.49,180.51,181.53,182.54,183.55,184.55,185.55,186.54,187.52,188.5,189.47,190.43,191.39,192.34,193.29,194.23,195.17
"New Jersey","Aboveground Biomass",41.98,42.69,43.41,44.14,44.86,45.59,46.32,47.05,47.79,48.53,49.27,50.02,50.76,51.51,52.27,53.01,53.76,54.51,55.26,56,56.74,57.48,58.22,58.96,59.69,60.43,61.16,61.89,62.62,63.34,64.06,64.77,65.47,66.17
"New Jersey","Belowground Biomass",6.9,7.03,7.16,7.3,7.43,7.57,7.7,7.83,7.97,8.1,8.24,8.38,8.51,8.65,8.78,8.92,9.05,9.19,9.32,9.46,9.59,9.72,9.85,9.98,10.11,10.24,10.37,10.5,10.63,10.76,10.88,11.01,11.13,11.26
"New Jersey","Dead Wood",1.34,1.37,1.41,1.46,1.51,1.56,1.62,1.68,1.74,1.81,1.89,1.97,2.05,2.14,2.24,2.33,2.43,2.53,2.64,2.74,2.85,2.95,3.06,3.16,3.26,3.35,3.44,3.53,3.62,3.7,3.79,3.88,3.98,4.08
"New Jersey","Litter",12.81,12.84,12.87,12.9,12.92,12.95,12.98,13,13.03,13.06,13.08,13.11,13.13,13.16,13.18,13.2,13.22,13.25,13.27,13.29,13.3,13.32,13.34,13.36,13.37,13.39,13.4,13.42,13.43,13.45,13.46,13.47,13.48,13.5
"New Jersey","Soil (Mineral)",91.13,91.16,91.19,91.22,91.26,91.29,91.32,91.35,91.38,91.41,91.44,91.47,91.5,91.52,91.55,91.58,91.6,91.63,91.65,91.67,91.69,91.71,91.72,91.74,91.75,91.76,91.77,91.79,91.8,91.81,91.82,91.83,91.84,91.85
"New Jersey","Soil (Organic)",8.51,8.5,8.5,8.49,8.48,8.47,8.46,8.45,8.45,8.44,8.43,8.42,8.42,8.41,8.4,8.4,8.39,8.39,8.38,8.38,8.37,8.37,8.36,8.36,8.35,8.35,8.34,8.34,8.33,8.33,8.33,8.32,8.32,8.32
"New Mexico","Total Forest Ecosystem",775.36,775.46,775.55,775.62,775.69,775.75,775.8,775.85,775.88,775.9,775.91,775.92,775.91,775.9,775.88,775.85,775.82,775.78,775.72,775.66,775.59,775.51,775.41,775.31,775.19,775.05,774.91,774.75,774.58,774.38,774.17,773.94,773.68,773.41
"New Mexico","Aboveground Biomass",184.19,183.5,182.8,182.1,181.39,180.68,179.96,179.23,178.5,177.76,177.02,176.27,175.52,174.76,174,173.23,172.45,171.67,170.88,170.09,169.29,168.48,167.66,166.84,166,165.15,164.3,163.43,162.56,161.67,160.78,159.88,158.97,158.05
"New Mexico","Belowground Biomass",31.73,31.6,31.48,31.36,31.23,31.11,30.98,30.85,30.72,30.59,30.46,30.33,30.19,30.06,29.92,29.79,29.65,29.51,29.37,29.23,29.09,28.95,28.8,28.65,28.5,28.35,28.2,28.04,27.89,27.73,27.57,27.41,27.25,27.08
"New Mexico","Dead Wood",14.15,15.12,16.09,17.05,18.02,18.98,19.94,20.91,21.87,22.83,23.78,24.74,25.7,26.66,27.61,28.57,29.53,30.48,31.43,32.39,33.34,34.3,35.25,36.2,37.15,38.11,39.06,40.01,40.95,41.89,42.82,43.75,44.67,45.59
"New Mexico","Litter",42.29,42.27,42.25,42.23,42.21,42.19,42.17,42.14,42.12,42.09,42.06,42.03,42,41.97,41.94,41.91,41.88,41.85,41.81,41.78,41.74,41.7,41.66,41.62,41.58,41.54,41.49,41.44,41.39,41.35,41.3,41.24,41.19,41.14
"New Mexico","Soil (Mineral)",503,502.96,502.92,502.88,502.84,502.8,502.76,502.72,502.67,502.63,502.59,502.54,502.5,502.45,502.41,502.36,502.32,502.27,502.22,502.17,502.13,502.08,502.04,501.99,501.95,501.91,501.87,501.82,501.78,501.74,501.69,501.65,501.6,501.55
"New Mexico","Soil (Organic)",,,,,,,,,,,,,,,,,,,,,,,,,,,,,,,,,,
"New York","Total Forest Ecosystem",1755.85,1765.28,1774.72,1784.17,1793.62,1803.08,1812.54,1822.01,1831.47,1840.95,1850.41,1859.85,1869.29,1878.71,1888.11,1897.51,1906.9,1916.29,1925.67,1935.06,1944.44,1953.82,1963.17,1972.5,1981.81,1991.1,2000.36,2009.6,2018.77,2027.88,2036.93,2045.91,2054.83,2063.68
"New York","Aboveground Biomass",408.25,415.11,421.99,428.87,435.75,442.64,449.53,456.42,463.32,470.23,477.12,484.01,490.9,497.78,504.65,511.51,518.38,525.26,532.13,539.01,545.9,552.78,559.65,566.51,573.36,580.19,587,593.8,600.56,607.27,613.94,620.57,627.16,633.7
"New York","Belowground Biomass",72.05,73.32,74.6,75.87,77.15,78.43,79.71,80.99,82.27,83.55,84.84,86.12,87.4,88.67,89.95,91.22,92.5,93.77,95.05,96.32,97.6,98.87,100.14,101.41,102.67,103.93,105.19,106.44,107.69,108.93,110.16,111.38,112.59,113.8
"New York","Dead Wood",41.5,42.35,43.22,44.1,44.99,45.88,46.78,47.68,48.59,49.51,50.43,51.35,52.28,53.21,54.14,55.07,56.01,56.94,57.88,58.81,59.75,60.69,61.62,62.55,63.49,64.42,65.35,66.27,67.19,68.1,69,69.88,70.76,71.63
"New York","Litter",96.8,97.11,97.43,97.73,98.04,98.34,98.64,98.93,99.22,99.5,99.78,100.06,100.33,100.6,100.86,101.12,101.37,101.62,101.87,102.12,102.36,102.6,102.83,103.06,103.29,103.51,103.73,103.94,104.14,104.35,104.55,104.74,104.93,105.11
"New York","Soil (Mineral)",1100.75,1100.87,1100.98,1101.09,1101.19,1101.29,1101.39,1101.48,1101.57,1101.66,1101.74,1101.82,1101.89,1101.96,1102.02,1102.08,1102.13,1102.18,1102.23,1102.27,1102.31,1102.34,1102.37,1102.4,1102.43,1102.47,1102.5,1102.54,1102.57,1102.61,1102.64,1102.68,1102.72,1102.75
"New York","Soil (Organic)",36.52,36.51,36.51,36.51,36.51,36.5,36.5,36.5,36.5,36.5,36.5,36.5,36.5,36.5,36.5,36.5,36.51,36.51,36.52,36.53,36.54,36.54,36.55,36.56,36.57,36.58,36.59,36.6,36.62,36.63,36.64,36.66,36.68,36.69
"North Carolina","Total Forest Ecosystem",1278.24,1288.81,1299.31,1309.74,1320.13,1330.47,1340.77,1351.02,1361.23,1371.39,1381.5,1391.44,1401.19,1410.76,1420.14,1429.35,1438.36,1447.38,1456.38,1465.38,1474.38,1483.37,1492.35,1501.32,1510.36,1519.46,1528.63,1537.86,1547.16,1556.52,1565.75,1574.87,1583.86,1592.72
"North Carolina","Aboveground Biomass",372.73,380.7,388.62,396.48,404.31,412.1,419.86,427.58,435.27,442.92,450.54,458,465.33,472.5,479.53,486.41,493.15,499.87,506.58,513.29,519.98,526.66,533.33,539.98,546.68,553.41,560.17,566.97,573.81,580.68,587.45,594.13,600.71,607.19
"North Carolina","Belowground Biomass",62.1,63.74,65.37,66.99,68.6,70.2,71.79,73.38,74.95,76.52,78.08,79.61,81.11,82.59,84.03,85.44,86.82,88.21,89.59,90.96,92.34,93.72,95.09,96.46,97.85,99.24,100.64,102.05,103.47,104.9,106.31,107.7,109.07,110.43
"North Carolina","Dead Wood",23.4,24.39,25.37,26.36,27.34,28.32,29.29,30.27,31.24,32.22,33.18,34.15,35.1,36.05,36.98,37.91,38.84,39.76,40.69,41.62,42.55,43.49,44.42,45.36,46.31,47.27,48.24,49.22,50.21,51.21,52.2,53.19,54.18,55.16
"North Carolina","Litter",66.3,66.31,66.32,66.32,66.33,66.34,66.34,66.35,66.36,66.37,66.37,66.38,66.38,66.38,66.38,66.38,66.38,66.38,66.38,66.38,66.38,66.39,66.4,66.4,66.42,66.43,66.45,66.48,66.51,66.54,66.58,66.61,66.64,66.67
"North Carolina","Soil (Mineral)",688.22,688.15,688.08,688.01,687.95,687.88,687.82,687.76,687.69,687.64,687.58,687.52,687.47,687.42,687.38,687.34,687.3,687.26,687.23,687.2,687.17,687.15,687.13,687.12,687.11,687.11,687.11,687.12,687.13,687.15,687.17,687.19,687.21,687.23
"North Carolina","Soil (Organic)",65.5,65.53,65.55,65.58,65.61,65.63,65.66,65.68,65.71,65.73,65.75,65.78,65.8,65.82,65.84,65.86,65.88,65.9,65.92,65.94,65.95,65.97,65.98,65.99,66.01,66.02,66.02,66.03,66.03,66.04,66.04,66.04,66.05,66.05
"North Dakota","Total Forest Ecosystem",51.15,51.22,51.3,51.38,51.46,51.53,51.61,51.69,51.76,51.84,51.91,51.98,52.06,52.13,52.2,52.26,52.33,52.4,52.46,52.53,52.59,52.65,52.72,52.78,52.84,52.91,52.98,53.04,53.11,53.18,53.24,53.31,53.37,53.43
"North Dakota","Aboveground Biomass",7.39,7.45,7.5,7.56,7.62,7.68,7.74,7.8,7.86,7.92,7.98,8.04,8.1,8.17,8.23,8.29,8.36,8.42,8.48,8.54,8.6,8.66,8.72,8.78,8.84,8.9,8.95,9.01,9.06,9.11,9.17,9.22,9.27,9.32
"North Dakota","Belowground Biomass",1.05,1.06,1.08,1.09,1.11,1.12,1.14,1.15,1.17,1.18,1.2,1.22,1.23,1.25,1.26,1.28,1.3,1.31,1.33,1.35,1.36,1.38,1.39,1.41,1.42,1.44,1.45,1.47,1.48,1.5,1.51,1.52,1.54,1.55
"North Dakota","Dead Wood",0.51,0.53,0.55,0.57,0.6,0.62,0.64,0.66,0.69,0.71,0.73,0.75,0.76,0.78,0.79,0.81,0.82,0.83,0.84,0.85,0.86,0.87,0.88,0.89,0.9,0.9,0.92,0.93,0.94,0.95,0.97,0.98,0.99,1.01
"North Dakota","Litter",3.21,3.21,3.21,3.21,3.2,3.2,3.2,3.2,3.2,3.2,3.19,3.19,3.19,3.19,3.19,3.18,3.18,3.18,3.18,3.18,3.18,3.17,3.17,3.17,3.17,3.17,3.17,3.16,3.16,3.16,3.16,3.16,3.16,3.16
"North Dakota","Soil (Mineral)",38.99,38.97,38.96,38.94,38.92,38.91,38.89,38.87,38.85,38.83,38.81,38.79,38.77,38.75,38.72,38.7,38.67,38.65,38.63,38.61,38.59,38.57,38.55,38.54,38.52,38.51,38.49,38.48,38.47,38.45,38.44,38.43,38.41,38.39
"North Dakota","Soil (Organic)",,,,,,,,,,,,,,,,,,,,,,,,,,,,,,,,,,
"Ohio","Total Forest Ecosystem",536.13,541.04,545.92,550.76,555.57,560.34,565.07,569.77,574.43,579.06,583.64,588.19,592.7,597.16,601.59,605.98,610.35,614.71,619.04,623.36,627.66,631.94,636.2,640.43,644.64,648.82,652.98,657.11,661.22,665.28,669.3,673.28,677.21,681.11
"Ohio","Aboveground Biomass",164.94,168.38,171.78,175.15,178.48,181.78,185.05,188.28,191.48,194.64,197.77,200.87,203.93,206.97,209.97,212.94,215.89,218.83,221.76,224.67,227.57,230.45,233.32,236.17,239,241.81,244.6,247.38,250.13,252.86,255.55,258.23,260.87,263.49
"Ohio","Belowground Biomass",29.61,30.22,30.81,31.41,31.99,32.57,33.14,33.71,34.26,34.82,35.36,35.9,36.43,36.95,37.47,37.98,38.48,38.99,39.49,39.98,40.47,40.96,41.44,41.92,42.4,42.86,43.33,43.79,44.24,44.68,45.12,45.55,45.97,46.38
"Ohio","Dead Wood",6.35,6.97,7.61,8.26,8.92,9.6,10.28,10.98,11.69,12.42,13.15,13.89,14.64,15.39,16.15,16.93,17.7,18.49,19.27,20.07,20.87,21.67,22.48,23.29,24.11,24.93,25.75,26.58,27.41,28.24,29.06,29.88,30.7,31.51
"Ohio","Litter",17.76,17.9,18.03,18.16,18.28,18.4,18.52,18.63,18.73,18.83,18.93,19.02,19.11,19.19,19.27,19.34,19.42,19.48,19.55,19.61,19.67,19.72,19.77,19.82,19.87,19.91,19.95,19.98,20.02,20.05,20.07,20.1,20.12,20.13
"Ohio","Soil (Mineral)",316.32,316.4,316.47,316.54,316.6,316.67,316.73,316.79,316.85,316.91,316.96,317.01,317.06,317.11,317.15,317.19,317.23,317.27,317.31,317.34,317.38,317.41,317.44,317.47,317.5,317.52,317.55,317.57,317.6,317.62,317.65,317.67,317.69,317.72
"Ohio","Soil (Organic)",1.14,1.18,1.21,1.25,1.29,1.32,1.35,1.39,1.42,1.45,1.48,1.5,1.53,1.56,1.58,1.6,1.62,1.65,1.67,1.69,1.71,1.72,1.74,1.76,1.77,1.79,1.8,1.81,1.82,1.83,1.84,1.85,1.87,1.88
"Oklahoma","Total Forest Ecosystem",535.46,541.63,547.73,553.74,559.68,565.54,571.32,576.99,582.55,588.01,593.36,598.6,603.73,608.75,613.67,618.48,623.18,627.79,632.29,636.68,640.97,645.16,649.25,653.21,657.04,660.74,664.32,667.77,671.09,674.29,677.39,680.38,683.27,686.06
"Oklahoma","Aboveground Biomass",83.71,88.25,92.74,97.18,101.56,105.89,110.17,114.37,118.5,122.56,126.54,130.44,134.27,138.02,141.7,145.31,148.85,152.32,155.73,159.06,162.32,165.51,168.63,171.67,174.62,177.48,180.26,182.96,185.57,188.09,190.54,192.93,195.24,197.48
"Oklahoma","Belowground Biomass",11.49,12.31,13.12,13.92,14.71,15.49,16.27,17.03,17.77,18.51,19.23,19.94,20.63,21.31,21.98,22.64,23.28,23.91,24.53,25.14,25.73,26.31,26.88,27.43,27.97,28.5,29.01,29.5,29.98,30.44,30.89,31.33,31.76,32.17
"Oklahoma","Dead Wood",19.95,20.34,20.73,21.11,21.48,21.84,22.2,22.55,22.89,23.21,23.53,23.84,24.14,24.43,24.71,24.98,25.23,25.48,25.72,25.94,26.15,26.35,26.55,26.72,26.89,27.04,27.18,27.31,27.42,27.52,27.61,27.69,27.76,27.82
"Oklahoma","Litter",19.75,20.04,20.32,20.6,20.87,21.14,21.4,21.65,21.89,22.13,22.35,22.57,22.79,22.99,23.19,23.38,23.56,23.73,23.9,24.06,24.21,24.36,24.5,24.63,24.75,24.87,24.98,25.07,25.16,25.25,25.32,25.39,25.46,25.52
"Oklahoma","Soil (Mineral)",400.57,400.69,400.82,400.94,401.06,401.17,401.29,401.4,401.5,401.61,401.71,401.81,401.9,402,402.09,402.17,402.26,402.34,402.41,402.49,402.56,402.63,402.69,402.75,402.8,402.85,402.89,402.93,402.96,402.99,403.01,403.03,403.05,403.07
"Oklahoma","Soil (Organic)",,,,,,,,,,,,,,,,,,,,,,,,,,,,,,,,,,
"Oregon","Total Forest Ecosystem",2980.86,2990.87,3000.86,3010.85,3020.82,3030.78,3040.81,3050.91,3061.08,3071.32,3081.64,3092.02,3102.48,3113.01,3123.61,3134.28,3145.02,3155.82,3166.69,3177.63,3188.64,3199.71,3210.85,3222.05,3233.32,3244.66,3255.92,3267.09,3278.18,3289.19,3300.12,3310.97,3321.73,3332.41
"Oregon","Aboveground Biomass",911.78,919.04,926.29,933.53,940.76,947.98,955.26,962.58,969.95,977.37,984.84,992.36,999.93,1007.54,1015.21,1022.93,1030.68,1038.47,1046.3,1054.16,1062.07,1070,1077.98,1085.99,1094.03,1102.11,1110.13,1118.08,1125.97,1133.79,1141.55,1149.23,1156.86,1164.42
"Oregon","Belowground Biomass",183.72,185.34,186.96,188.57,190.19,191.8,193.42,195.05,196.7,198.35,200.02,201.69,203.38,205.08,206.78,208.5,210.23,211.97,213.71,215.47,217.23,219.01,220.79,222.58,224.38,226.19,227.99,229.77,231.54,233.3,235.05,236.78,238.5,240.2
"Oregon","Dead Wood",223.09,224.06,225.03,226,226.97,227.94,228.91,229.9,230.89,231.9,232.92,233.94,234.98,236.02,237.07,238.14,239.22,240.33,241.45,242.6,243.77,244.95,246.16,247.39,248.64,249.91,251.18,252.45,253.73,255,256.27,257.54,258.81,260.09
"Oregon","Litter",123.67,123.83,123.99,124.15,124.32,124.48,124.64,124.81,124.97,125.14,125.3,125.47,125.64,125.81,125.98,126.14,126.32,126.49,126.66,126.84,127.02,127.2,127.38,127.57,127.76,127.95,128.13,128.31,128.49,128.67,128.84,129.01,129.17,129.34
"Oregon","Soil (Mineral)",1537.84,1537.83,1537.82,1537.81,1537.8,1537.78,1537.77,1537.76,1537.75,1537.74,1537.73,1537.72,1537.71,1537.71,1537.7,1537.7,1537.69,1537.68,1537.67,1537.66,1537.65,1537.64,1537.62,1537.6,1537.58,1537.56,1537.54,1537.52,1537.5,1537.48,1537.46,1537.43,1537.41,1537.39
"Oregon","Soil (Organic)",0.76,0.76,0.77,0.78,0.79,0.8,0.8,0.81,0.82,0.83,0.84,0.84,0.85,0.86,0.86,0.87,0.88,0.89,0.89,0.9,0.9,0.91,0.92,0.92,0.93,0.93,0.94,0.95,0.95,0.96,0.96,0.97,0.98,0.98
"Pennsylvania","Total Forest Ecosystem",1460.24,1468.15,1476,1483.79,1491.53,1499.21,1506.83,1514.4,1521.92,1529.38,1536.79,1544.15,1551.46,1558.72,1565.93,1573.09,1580.2,1587.28,1594.33,1601.35,1608.34,1615.3,1622.23,1629.11,1635.95,1642.73,1649.46,1656.14,1662.77,1669.3,1675.75,1682.11,1688.37,1694.54
"Pennsylvania","Aboveground Biomass",432.53,437.31,442.06,446.77,451.45,456.11,460.72,465.31,469.87,474.39,478.88,483.34,487.77,492.16,496.52,500.85,505.14,509.42,513.67,517.91,522.13,526.33,530.51,534.65,538.74,542.8,546.82,550.8,554.74,558.59,562.37,566.06,569.67,573.2
"Pennsylvania","Belowground Biomass",75.25,76.06,76.85,77.64,78.42,79.2,79.96,80.72,81.47,82.22,82.96,83.69,84.41,85.12,85.83,86.53,87.22,87.91,88.6,89.27,89.95,90.61,91.27,91.93,92.57,93.21,93.84,94.45,95.06,95.66,96.24,96.81,97.36,97.9
"Pennsylvania","Dead Wood",11.91,13.69,15.47,17.25,19.04,20.82,22.61,24.39,26.18,27.97,29.76,31.56,33.35,35.15,36.96,38.76,40.57,42.39,44.22,46.05,47.89,49.74,51.59,53.46,55.33,57.22,59.12,61.03,62.95,64.89,66.84,68.81,70.8,72.8
"Pennsylvania","Litter",82.53,82.81,83.08,83.35,83.6,83.85,84.09,84.32,84.54,84.76,84.97,85.18,85.37,85.57,85.75,85.93,86.11,86.27,86.44,86.59,86.74,86.89,87.03,87.16,87.29,87.4,87.52,87.62,87.72,87.82,87.91,87.99,88.06,88.13
"Pennsylvania","Soil (Mineral)",855.52,855.79,856.04,856.28,856.51,856.74,856.95,857.15,857.35,857.54,857.71,857.89,858.05,858.21,858.36,858.5,858.64,858.77,858.89,859.01,859.12,859.22,859.32,859.41,859.49,859.57,859.64,859.71,859.77,859.83,859.88,859.92,859.96,859.99
"Pennsylvania","Soil (Organic)",2.49,2.5,2.5,2.5,2.5,2.5,2.5,2.5,2.5,2.51,2.51,2.51,2.51,2.51,2.51,2.51,2.51,2.51,2.51,2.51,2.51,2.52,2.52,2.52,2.52,2.52,2.52,2.52,2.52,2.52,2.52,2.52,2.52,2.52
"Rhode Island","Total Forest Ecosystem",36.12,36.2,36.28,36.36,36.44,36.51,36.59,36.69,36.79,36.9,37,37.11,37.21,37.32,37.43,37.53,37.64,37.75,37.85,37.96,38.06,38.16,38.27,38.37,38.48,38.59,38.7,38.81,38.92,39.03,39.15,39.27,39.39,39.51
"Rhode Island","Aboveground Biomass",10.38,10.45,10.52,10.59,10.66,10.73,10.8,10.86,10.92,10.99,11.04,11.1,11.16,11.21,11.27,11.32,11.37,11.42,11.47,11.51,11.55,11.59,11.63,11.66,11.7,11.73,11.76,11.79,11.82,11.86,11.9,11.94,11.99,12.04
"Rhode Island","Belowground Biomass",1.86,1.87,1.88,1.89,1.91,1.92,1.93,1.94,1.95,1.96,1.97,1.98,1.99,2,2.01,2.02,2.03,2.04,2.05,2.06,2.07,2.08,2.08,2.09,2.1,2.11,2.11,2.12,2.13,2.13,2.14,2.15,2.16,2.17
"Rhode Island","Dead Wood",0,0,0,0,0,0,0.01,0.04,0.08,0.12,0.16,0.21,0.26,0.31,0.36,0.41,0.47,0.53,0.59,0.65,0.72,0.79,0.86,0.94,1.02,1.1,1.18,1.27,1.36,1.45,1.53,1.61,1.69,1.77
"Rhode Island","Litter",2.25,2.25,2.25,2.25,2.25,2.25,2.25,2.25,2.25,2.25,2.25,2.25,2.24,2.24,2.24,2.24,2.23,2.23,2.23,2.23,2.22,2.22,2.22,2.22,2.21,2.21,2.21,2.2,2.2,2.2,2.19,2.19,2.19,2.19
"Rhode Island","Soil (Mineral)",19.94,19.94,19.94,19.94,19.94,19.94,19.94,19.94,19.94,19.94,19.94,19.94,19.94,19.93,19.93,19.93,19.93,19.93,19.92,19.92,19.92,19.91,19.91,19.9,19.9,19.89,19.89,19.88,19.87,19.86,19.85,19.84,19.83,19.82
"Rhode Island","Soil (Organic)",1.7,1.69,1.69,1.68,1.68,1.67,1.66,1.66,1.65,1.65,1.64,1.63,1.63,1.62,1.61,1.61,1.6,1.59,1.59,1.58,1.58,1.57,1.56,1.56,1.55,1.55,1.54,1.54,1.54,1.54,1.53,1.53,1.53,1.53
"South Carolina","Total Forest Ecosystem",755.09,760.13,765.14,770.12,775.13,780.14,785.17,790.22,795.28,800.39,805.55,810.75,816,821.3,826.47,831.5,836.4,841.16,845.79,850.29,854.78,859.27,863.75,868.23,872.71,877.22,881.78,886.38,891.02,895.7,900.28,904.76,909.14,913.42
"South Carolina","Aboveground Biomass",232.47,236.38,240.27,244.14,248.02,251.92,255.82,259.73,263.65,267.6,271.58,275.59,279.63,283.71,287.66,291.5,295.22,298.82,302.31,305.67,309.03,312.36,315.68,318.98,322.27,325.58,328.92,332.28,335.66,339.06,342.39,345.65,348.83,351.94
"South Carolina","Belowground Biomass",40.03,40.89,41.75,42.6,43.45,44.31,45.16,46.02,46.87,47.74,48.61,49.48,50.36,51.25,52.12,52.97,53.8,54.6,55.39,56.15,56.91,57.68,58.44,59.2,59.96,60.73,61.51,62.29,63.08,63.87,64.65,65.41,66.14,66.86
"South Carolina","Dead Wood",16.43,16.61,16.8,16.98,17.17,17.35,17.54,17.72,17.9,18.09,18.28,18.47,18.66,18.86,19.06,19.25,19.45,19.65,19.84,20.04,20.24,20.45,20.67,20.89,21.12,21.35,21.59,21.84,22.09,22.36,22.61,22.87,23.11,23.36
"South Carolina","Litter",38.99,38.98,38.98,38.98,38.98,38.99,39,39.01,39.02,39.04,39.06,39.09,39.12,39.16,39.2,39.24,39.29,39.33,39.38,39.43,39.48,39.54,39.6,39.66,39.72,39.79,39.86,39.93,40.01,40.09,40.16,40.23,40.3,40.37
"South Carolina","Soil (Mineral)",423.07,423.14,423.22,423.29,423.37,423.45,423.54,423.62,423.71,423.8,423.89,423.99,424.09,424.19,424.29,424.4,424.51,424.62,424.74,424.86,424.98,425.1,425.23,425.36,425.49,425.62,425.76,425.89,426.03,426.17,426.31,426.45,426.59,426.74
"South Carolina","Soil (Organic)",4.12,4.12,4.12,4.12,4.12,4.12,4.13,4.13,4.13,4.13,4.13,4.13,4.13,4.13,4.13,4.14,4.14,4.14,4.14,4.14,4.14,4.14,4.14,4.14,4.15,4.15,4.15,4.15,4.15,4.15,4.15,4.15,4.15,4.15
"South Dakota","Total Forest Ecosystem",120.79,120.53,120.28,120.02,119.76,119.5,119.25,118.99,118.73,118.47,118.21,117.95,117.68,117.41,117.14,116.86,116.58,116.3,116.02,115.75,115.47,115.2,114.93,114.66,114.41,114.15,113.9,113.66,113.4,113.14,112.86,112.57,112.27,111.96
"South Dakota","Aboveground Biomass",29.75,29.49,29.24,28.99,28.74,28.49,28.24,28,27.75,27.51,27.26,27.01,26.76,26.5,26.23,25.97,25.7,25.44,25.17,24.91,24.64,24.38,24.12,23.87,23.61,23.37,23.12,22.88,22.63,22.39,22.14,21.88,21.63,21.37
"South Dakota","Belowground Biomass",4.94,4.89,4.85,4.81,4.77,4.72,4.68,4.64,4.6,4.56,4.52,4.48,4.43,4.39,4.35,4.3,4.26,4.21,4.17,4.12,4.08,4.04,3.99,3.95,3.91,3.87,3.82,3.78,3.74,3.7,3.66,3.62,3.58,3.53
"South Dakota","Dead Wood",1.5,1.59,1.68,1.77,1.85,1.94,2.02,2.1,2.18,2.26,2.34,2.42,2.51,2.59,2.67,2.76,2.84,2.93,3.01,3.09,3.17,3.25,3.33,3.42,3.5,3.58,3.66,3.74,3.81,3.87,3.92,3.97,4,4.02
"South Dakota","Litter",7.01,6.98,6.96,6.93,6.91,6.88,6.85,6.83,6.8,6.78,6.75,6.73,6.7,6.68,6.65,6.62,6.6,6.57,6.54,6.52,6.49,6.46,6.44,6.41,6.39,6.36,6.34,6.31,6.29,6.26,6.24,6.22,6.19,6.17
"South Dakota","Soil (Mineral)",77.6,77.57,77.55,77.52,77.5,77.47,77.44,77.42,77.39,77.36,77.34,77.31,77.28,77.26,77.23,77.2,77.18,77.15,77.13,77.11,77.08,77.06,77.04,77.02,77,76.98,76.96,76.94,76.93,76.91,76.9,76.89,76.88,76.87
"South Dakota","Soil (Organic)",,,,,,,,,,,,,,,,,,,,,,,,,,,,,,,,,,
"Tennessee","Total Forest Ecosystem",914.48,924.99,935.4,945.73,955.96,966.1,976.15,986.1,995.93,1005.64,1015.22,1024.68,1034.01,1043.22,1052.3,1061.3,1070.24,1079.1,1087.89,1096.61,1105.25,1113.82,1122.35,1130.85,1139.3,1147.72,1156.09,1164.43,1172.68,1180.83,1188.88,1196.84,1204.7,1212.47
"Tennessee","Aboveground Biomass",270.21,278,285.74,293.41,301.01,308.56,316.04,323.46,330.8,338.04,345.21,352.29,359.28,366.19,373.01,379.78,386.51,393.19,399.82,406.41,412.95,419.45,425.92,432.36,438.79,445.19,451.57,457.92,464.21,470.43,476.58,482.67,488.69,494.64
"Tennessee","Belowground Biomass",45.62,47.18,48.72,50.25,51.76,53.27,54.75,56.23,57.68,59.12,60.54,61.94,63.33,64.7,66.05,67.39,68.72,70.04,71.35,72.64,73.93,75.21,76.49,77.75,79.02,80.28,81.53,82.78,84.01,85.24,86.44,87.64,88.82,89.99
"Tennessee","Dead Wood",65.83,66.78,67.72,68.64,69.55,70.46,71.34,72.22,73.08,73.92,74.74,75.55,76.33,77.1,77.85,78.58,79.31,80.02,80.72,81.4,82.08,82.74,83.4,84.05,84.7,85.34,85.98,86.61,87.23,87.84,88.45,89.04,89.63,90.21
"Tennessee","Litter",34.34,34.53,34.71,34.88,35.06,35.22,35.38,35.54,35.7,35.85,35.99,36.14,36.27,36.41,36.54,36.67,36.79,36.91,37.03,37.14,37.25,37.36,37.47,37.56,37.66,37.75,37.83,37.91,37.98,38.05,38.12,38.18,38.24,38.29
"Tennessee","Soil (Mineral)",498.48,498.5,498.52,498.55,498.57,498.6,498.62,498.65,498.68,498.71,498.74,498.77,498.8,498.83,498.86,498.89,498.92,498.95,498.97,499,499.03,499.05,499.08,499.11,499.13,499.16,499.19,499.22,499.24,499.27,499.29,499.3,499.32,499.33
"Tennessee","Soil (Organic)",,,,,,,,,,,,,,,,,,,,,,,,,,,,,,,,,,
"Texas","Total Forest Ecosystem",1635.79,1653.81,1671.57,1689.09,1706.36,1723.38,1740.15,1756.67,1772.94,1788.96,1804.74,1820.27,1835.55,1850.58,1865.37,1879.91,1894.2,1908.24,1922.04,1935.64,1949.03,1962.22,1975.2,1987.98,2000.56,2012.93,2025.1,2037.07,2048.83,2060.38,2071.71,2082.81,2093.7,2104.38
"Texas","Aboveground Biomass",165.38,179.46,193.37,207.1,220.65,234.03,247.23,260.25,273.09,285.76,298.25,310.57,322.71,334.67,346.46,358.07,369.5,380.76,391.84,402.78,413.56,424.2,434.69,445.04,455.23,465.28,475.18,484.93,494.53,503.99,513.29,522.43,531.43,540.27
"Texas","Belowground Biomass",18.82,21.57,24.29,26.98,29.63,32.25,34.84,37.39,39.91,42.39,44.84,47.26,49.64,51.99,54.3,56.58,58.82,61.03,63.2,65.34,67.45,69.53,71.59,73.61,75.6,77.56,79.49,81.39,83.26,85.1,86.91,88.69,90.43,92.15
"Texas","Dead Wood",92.66,93.25,93.8,94.34,94.85,95.33,95.78,96.21,96.62,97,97.35,97.68,97.99,98.27,98.54,98.77,98.99,99.18,99.35,99.5,99.62,99.73,99.82,99.89,99.94,99.96,99.97,99.96,99.93,99.86,99.78,99.66,99.51,99.34
"Texas","Litter",59.58,60.06,60.54,61.01,61.47,61.92,62.36,62.8,63.23,63.65,64.07,64.48,64.88,65.27,65.66,66.04,66.42,66.79,67.15,67.5,67.85,68.2,68.54,68.88,69.21,69.54,69.86,70.18,70.49,70.8,71.1,71.4,71.7,71.99
"Texas","Soil (Mineral)",1299.35,1299.46,1299.57,1299.67,1299.77,1299.86,1299.94,1300.02,1300.09,1300.16,1300.22,1300.28,1300.33,1300.37,1300.41,1300.44,1300.47,1300.49,1300.51,1300.52,1300.53,1300.55,1300.56,1300.57,1300.58,1300.59,1300.6,1300.61,1300.62,1300.63,1300.63,1300.64,1300.63,1300.63
"Texas","Soil (Organic)",,,,,,,,,,,,,,,,,,,,,,,,,,,,,,,,,,
"Utah","Total Forest Ecosystem",733.03,732.88,732.73,732.57,732.41,732.24,732.07,731.89,731.71,731.52,731.32,731.12,730.91,730.7,730.48,730.25,730.02,729.78,729.53,729.27,729,728.73,728.45,728.16,727.86,727.55,727.23,726.89,726.54,726.18,725.81,725.43,725.03,724.62
"Utah","Aboveground Biomass",151.64,151.17,150.69,150.21,149.72,149.23,148.73,148.23,147.72,147.2,146.68,146.15,145.62,145.08,144.53,143.98,143.43,142.86,142.29,141.72,141.13,140.54,139.95,139.35,138.74,138.12,137.49,136.86,136.21,135.56,134.89,134.21,133.53,132.84
"Utah","Belowground Biomass",26.58,26.5,26.42,26.33,26.25,26.17,26.08,26,25.91,25.82,25.74,25.65,25.56,25.47,25.38,25.28,25.19,25.1,25,24.9,24.81,24.71,24.61,24.51,24.4,24.3,24.19,24.09,23.98,23.87,23.75,23.64,23.52,23.4
"Utah","Dead Wood",29.91,30.42,30.92,31.43,31.94,32.45,32.96,33.47,33.98,34.49,35.01,35.52,36.04,36.56,37.07,37.59,38.11,38.63,39.14,39.66,40.18,40.69,41.21,41.72,42.23,42.75,43.26,43.77,44.29,44.8,45.31,45.82,46.33,46.84
"Utah","Litter",37.13,37.1,37.07,37.04,37.01,36.98,36.94,36.91,36.88,36.84,36.81,36.77,36.74,36.7,36.66,36.63,36.59,36.55,36.51,36.48,36.44,36.4,36.36,36.32,36.27,36.23,36.19,36.15,36.1,36.06,36.01,35.97,35.92,35.88
"Utah","Soil (Mineral)",487.53,487.45,487.39,487.32,487.25,487.18,487.11,487.04,486.98,486.91,486.85,486.78,486.72,486.65,486.59,486.52,486.46,486.4,486.33,486.27,486.21,486.15,486.09,486.03,485.96,485.9,485.84,485.78,485.72,485.66,485.6,485.54,485.48,485.42
"Utah","Soil (Organic)",0.24,0.24,0.24,0.24,0.24,0.24,0.24,0.24,0.24,0.24,0.24,0.24,0.24,0.24,0.24,0.24,0.24,0.24,0.24,0.24,0.24,0.24,0.24,0.24,0.24,0.24,0.24,0.24,0.24,0.24,0.24,0.24,0.24,0.24
"Vermont","Total Forest Ecosystem",448.6,450.69,452.76,454.82,456.85,458.87,460.87,462.85,464.82,466.77,468.7,470.63,472.54,474.44,476.34,478.22,480.08,481.95,483.8,485.64,487.48,489.31,491.13,492.93,494.72,496.5,498.26,500.01,501.75,503.47,505.17,506.85,508.52,510.17
"Vermont","Aboveground Biomass",113.43,114.7,115.96,117.22,118.46,119.7,120.94,122.16,123.39,124.6,125.82,127.03,128.25,129.46,130.67,131.88,133.1,134.31,135.53,136.75,137.98,139.21,140.44,141.68,142.9,144.13,145.35,146.58,147.79,149.01,150.22,151.42,152.62,153.82
"Vermont","Belowground Biomass",20.69,20.91,21.14,21.36,21.58,21.8,22.02,22.24,22.46,22.68,22.9,23.11,23.33,23.55,23.77,23.99,24.21,24.43,24.65,24.87,25.09,25.31,25.53,25.75,25.97,26.2,26.42,26.63,26.85,27.07,27.29,27.5,27.72,27.93
"Vermont","Dead Wood",10.66,10.95,11.25,11.54,11.83,12.13,12.42,12.71,13,13.29,13.57,13.85,14.14,14.42,14.69,14.97,15.24,15.51,15.77,16.03,16.28,16.53,16.78,17.02,17.26,17.5,17.73,17.96,18.19,18.41,18.63,18.83,19.04,19.23
"Vermont","Litter",28.45,28.52,28.59,28.66,28.73,28.79,28.85,28.91,28.97,29.02,29.07,29.12,29.17,29.22,29.26,29.31,29.35,29.39,29.43,29.47,29.5,29.54,29.57,29.6,29.64,29.67,29.69,29.72,29.75,29.77,29.79,29.81,29.83,29.85
"Vermont","Soil (Mineral)",271.32,271.47,271.62,271.76,271.91,272.04,272.18,272.31,272.44,272.57,272.69,272.8,272.92,273.03,273.13,273.23,273.33,273.42,273.51,273.59,273.67,273.75,273.82,273.88,273.95,274,274.06,274.11,274.15,274.19,274.23,274.27,274.3,274.33
"Vermont","Soil (Organic)",4.05,4.13,4.2,4.27,4.34,4.4,4.46,4.52,4.57,4.61,4.66,4.7,4.74,4.77,4.81,4.84,4.87,4.89,4.92,4.94,4.95,4.97,4.98,4.99,5,5.01,5.01,5.02,5.02,5.02,5.02,5.02,5.02,5.02
"Virginia","Total Forest Ecosystem",1090.38,1101.57,1112.75,1123.93,1135.1,1146.27,1157.44,1168.61,1179.78,1190.95,1202.1,1213.25,1224.38,1235.49,1246.59,1257.53,1268.3,1278.9,1289.34,1299.62,1309.86,1320.08,1330.28,1340.44,1350.58,1360.75,1370.96,1381.2,1391.48,1401.79,1412.14,1422.31,1432.3,1442.11
"Virginia","Aboveground Biomass",332.6,340.81,349.02,357.22,365.42,373.6,381.78,389.96,398.13,406.3,414.45,422.58,430.69,438.79,446.86,454.8,462.61,470.27,477.8,485.18,492.54,499.87,507.16,514.43,521.67,528.92,536.19,543.47,550.77,558.09,565.42,572.62,579.68,586.6
"Virginia","Belowground Biomass",51.86,53.51,55.15,56.8,58.44,60.08,61.72,63.35,64.99,66.62,68.26,69.88,71.51,73.13,74.75,76.34,77.9,79.44,80.96,82.44,83.92,85.4,86.87,88.33,89.78,91.24,92.71,94.17,95.64,97.11,98.59,100.03,101.45,102.84
"Virginia","Dead Wood",16.82,18.12,19.42,20.72,22.03,23.34,24.66,25.99,27.32,28.66,30,31.35,32.71,34.08,35.45,36.82,38.19,39.57,40.94,42.32,43.7,45.1,46.5,47.92,49.34,50.78,52.23,53.7,55.18,56.68,58.2,59.7,61.19,62.68
"Virginia","Litter",61.9,62.02,62.13,62.25,62.36,62.48,62.59,62.7,62.81,62.91,63.02,63.12,63.23,63.32,63.42,63.51,63.6,63.68,63.76,63.83,63.9,63.97,64.03,64.09,64.15,64.2,64.26,64.31,64.36,64.41,64.45,64.5,64.53,64.57
"Virginia","Soil (Mineral)",621.09,621,620.92,620.84,620.75,620.67,620.6,620.52,620.45,620.37,620.3,620.23,620.17,620.11,620.04,619.99,619.93,619.88,619.83,619.79,619.75,619.71,619.67,619.64,619.61,619.58,619.55,619.53,619.5,619.48,619.47,619.45,619.43,619.41
"Virginia","Soil (Organic)",6.11,6.1,6.1,6.1,6.1,6.09,6.09,6.09,6.08,6.08,6.08,6.07,6.07,6.07,6.07,6.06,6.06,6.06,6.05,6.05,6.05,6.04,6.04,6.04,6.03,6.03,6.03,6.03,6.02,6.02,6.02,6.01,6.01,6.01
"Washington","Total Forest Ecosystem",2611.32,2614.68,2618.04,2621.37,2624.7,2628.01,2631.32,2634.75,2638.33,2642.05,2645.91,2649.9,2654.03,2658.3,2662.72,2667.26,2671.95,2676.72,2681.58,2686.52,2691.55,2696.66,2701.86,2707.14,2712.5,2717.95,2723.49,2728.89,2734.17,2739.31,2744.33,2749.21,2753.96,2758.59
"Washington","Aboveground Biomass",839.92,841.35,842.78,844.21,845.64,847.06,848.48,849.99,851.6,853.3,855.09,856.98,858.96,861.03,863.2,865.46,867.81,870.2,872.62,875.07,877.56,880.09,882.64,885.24,887.86,890.52,893.22,895.8,898.28,900.64,902.89,905.04,907.07,908.99
"Washington","Belowground Biomass",175.4,175.77,176.14,176.5,176.86,177.22,177.57,177.94,178.34,178.75,179.18,179.64,180.11,180.61,181.12,181.66,182.21,182.78,183.36,183.95,184.55,185.17,185.79,186.43,187.08,187.74,188.41,189.07,189.7,190.31,190.89,191.46,192.01,192.53
"Washington","Dead Wood",230.77,232.39,234.02,235.63,237.24,238.84,240.44,242.06,243.7,245.36,247.04,248.74,250.46,252.2,253.97,255.75,257.56,259.4,261.28,263.19,265.14,267.13,269.15,271.21,273.31,275.44,277.61,279.78,281.96,284.14,286.33,288.53,290.73,292.94
"Washington","Litter",142.25,142.21,142.17,142.13,142.09,142.05,142.01,141.96,141.92,141.88,141.84,141.8,141.76,141.72,141.68,141.64,141.6,141.57,141.53,141.49,141.45,141.41,141.37,141.33,141.29,141.24,141.2,141.16,141.11,141.06,141.02,140.97,140.92,140.87
"Washington","Soil (Mineral)",1215.96,1215.93,1215.89,1215.86,1215.83,1215.8,1215.77,1215.75,1215.72,1215.71,1215.69,1215.68,1215.68,1215.67,1215.67,1215.68,1215.68,1215.69,1215.71,1215.72,1215.74,1215.77,1215.79,1215.82,1215.85,1215.89,1215.93,1215.96,1216,1216.02,1216.05,1216.08,1216.1,1216.11
"Washington","Soil (Organic)",7.03,7.03,7.03,7.04,7.04,7.04,7.05,7.05,7.05,7.06,7.06,7.06,7.07,7.07,7.08,7.08,7.08,7.09,7.09,7.09,7.1,7.1,7.11,7.11,7.11,7.12,7.12,7.12,7.13,7.13,7.14,7.14,7.15,7.15
"West Virginia","Total Forest Ecosystem",963.86,971.3,978.72,986.13,993.52,1000.91,1008.27,1015.63,1022.97,1030.3,1037.62,1044.93,1052.22,1059.51,1066.78,1074.05,1081.3,1088.57,1095.85,1103.14,1110.45,1117.77,1125.1,1132.45,1139.82,1147.21,1154.61,1162.03,1169.46,1176.88,1184.27,1191.64,1198.99,1206.32
"West Virginia","Aboveground Biomass",285.24,290.8,296.34,301.86,307.37,312.87,318.35,323.83,329.29,334.74,340.18,345.62,351.04,356.46,361.87,367.28,372.67,378.09,383.51,388.95,394.41,399.87,405.36,410.86,416.37,421.89,427.43,432.99,438.56,444.11,449.66,455.19,460.7,466.21
"West Virginia","Belowground Biomass",46.74,47.76,48.79,49.8,50.82,51.83,52.84,53.84,54.85,55.85,56.85,57.84,58.83,59.82,60.81,61.8,62.78,63.76,64.75,65.73,66.72,67.71,68.7,69.68,70.67,71.66,72.65,73.64,74.63,75.62,76.6,77.58,78.56,79.53
"West Virginia","Dead Wood",18.5,19.17,19.85,20.54,21.24,21.95,22.66,23.38,24.11,24.84,25.58,26.33,27.07,27.82,28.58,29.33,30.09,30.85,31.61,32.36,33.12,33.88,34.63,35.39,36.15,36.91,37.67,38.44,39.21,39.97,40.73,41.48,42.23,42.97
"West Virginia","Litter",42.12,42.27,42.41,42.56,42.69,42.83,42.96,43.09,43.21,43.33,43.45,43.56,43.67,43.78,43.88,43.98,44.07,44.17,44.26,44.34,44.43,44.51,44.59,44.67,44.75,44.83,44.9,44.97,45.05,45.12,45.19,45.25,45.32,45.38
"West Virginia","Soil (Mineral)",571.26,571.3,571.34,571.37,571.4,571.43,571.46,571.49,571.51,571.54,571.56,571.58,571.6,571.62,571.64,571.67,571.69,571.71,571.73,571.75,571.78,571.8,571.83,571.85,571.88,571.91,571.95,571.98,572.02,572.06,572.1,572.14,572.18,572.22
"West Virginia","Soil (Organic)",,,,,,,,,,,,,,,,,,,,,,,,,,,,,,,,,,
"Wisconsin","Total Forest Ecosystem",1142.11,1148.89,1155.64,1162.36,1169.06,1175.73,1182.39,1189.02,1195.64,1202.23,1208.8,1215.37,1221.93,1228.47,1235,1241.52,1248.06,1254.61,1261.18,1267.77,1274.37,1280.98,1287.62,1294.26,1300.91,1307.57,1314.23,1320.91,1327.59,1334.23,1340.83,1347.38,1353.89,1360.36
"Wisconsin","Aboveground Biomass",261.93,267.18,272.4,277.6,282.78,287.93,293.08,298.2,303.3,308.39,313.46,318.53,323.59,328.64,333.68,338.71,343.75,348.81,353.87,358.95,364.04,369.14,374.25,379.37,384.49,389.62,394.75,399.88,405.02,410.13,415.2,420.24,425.24,430.21
"Wisconsin","Belowground Biomass",45.94,46.87,47.8,48.73,49.65,50.57,51.49,52.41,53.32,54.23,55.14,56.05,56.95,57.86,58.76,59.66,60.57,61.47,62.38,63.29,64.21,65.12,66.04,66.96,67.87,68.8,69.72,70.64,71.56,72.48,73.39,74.3,75.2,76.09
"Wisconsin","Dead Wood",21.86,22.35,22.85,23.35,23.84,24.34,24.83,25.33,25.83,26.33,26.83,27.33,27.83,28.33,28.83,29.33,29.84,30.35,30.86,31.38,31.9,32.42,32.94,33.48,34.01,34.56,35.1,35.66,36.21,36.77,37.33,37.88,38.44,38.99
"Wisconsin","Litter",57,57.24,57.48,57.72,57.95,58.18,58.41,58.64,58.87,59.09,59.31,59.52,59.74,59.95,60.16,60.37,60.58,60.78,60.99,61.19,61.39,61.59,61.78,61.98,62.17,62.36,62.55,62.74,62.92,63.1,63.28,63.46,63.63,63.8
"Wisconsin","Soil (Mineral)",637.58,637.46,637.34,637.21,637.09,636.97,636.86,636.74,636.62,636.5,636.39,636.27,636.16,636.05,635.94,635.83,635.72,635.61,635.5,635.39,635.29,635.18,635.07,634.97,634.86,634.76,634.65,634.55,634.45,634.34,634.24,634.13,634.03,633.93
"Wisconsin","Soil (Organic)",117.8,117.78,117.77,117.76,117.74,117.73,117.72,117.71,117.7,117.69,117.68,117.67,117.66,117.64,117.63,117.62,117.61,117.59,117.58,117.57,117.55,117.54,117.53,117.51,117.5,117.48,117.46,117.44,117.43,117.41,117.39,117.37,117.35,117.33
"Wyoming","Total Forest Ecosystem",520.7,520.6,520.5,520.6,520.4,520.4,520.4,520.3,520.3,520.2,520.2,520,520.1,520.1,519.8,519.9,519.8,519.8,519.8,519.7,519.6,519.4,519.6,519.4,519.4,519.4,519.1,519.3,519.1,519.1,519,519,519,518.8
"Wyoming","Aboveground Biomass",157.5,157,156.5,156.1,155.6,155.2,154.7,154.2,153.8,153.3,152.9,152.4,152,151.5,151,150.6,150.1,149.7,149.2,148.8,148.3,147.8,147.4,146.9,146.5,146,145.5,145.1,144.6,144.2,143.7,143.3,142.8,142.3
"Wyoming","Belowground Biomass",40.2,39.7,39.1,38.6,38.1,37.5,37,36.4,35.9,35.4,34.8,34.3,33.7,33.2,32.6,32.1,31.6,31,30.5,29.9,29.4,28.8,28.3,27.8,27.2,26.7,26.1,25.6,25,24.5,24,23.4,22.9,22.3
"Wyoming","Dead Wood",62.9,63.8,64.8,65.7,66.6,67.5,68.4,69.4,70.3,71.2,72.1,73,74,74.9,75.8,76.7,77.6,78.6,79.5,80.4,81.3,82.2,83.2,84.1,85,85.9,86.8,87.8,88.7,89.6,90.5,91.4,92.4,93.3
"Wyoming","Litter",52.6,52.5,52.3,52.2,52,51.9,51.8,51.6,51.5,51.3,51.2,51,50.9,50.8,50.6,50.5,50.3,50.2,50.1,49.9,49.8,49.6,49.5,49.3,49.2,49.1,48.9,48.8,48.6,48.5,48.3,48.2,48.1,47.9
"Wyoming","Soil (Mineral)",207.5,207.6,207.8,208,208.1,208.3,208.5,208.7,208.8,209,209.2,209.3,209.5,209.7,209.8,210,210.2,210.3,210.5,210.7,210.8,211,211.2,211.3,211.5,211.7,211.8,212,212.2,212.3,212.5,212.7,212.8,213
"Wyoming","Soil (Organic)",,,,,,,,,,,,,,,,,,,,,,,,,,,,,,,,,,
"U.S. Territories","Total Forest Ecosystem",83.32,83.74,84.17,84.58,84.99,85.4,85.82,86.25,86.67,87.08,87.48,87.91,88.33,88.75,89.17,90.36,91.54,92.73,93.9,95.12,95.68,96.28,96.91,97.5,98.07,97.42,96.76,96.13,95.46,94.81,95.26,95.67,96.13,96.56
"U.S. Territories","Aboveground Biomass",12.52,12.86,13.21,13.55,13.89,14.22,14.57,14.92,15.26,15.59,15.93,16.28,16.62,16.96,17.31,17.91,18.52,19.13,19.74,20.37,20.77,21.19,21.62,22.05,22.47,22.47,22.46,22.47,22.47,22.47,22.82,23.18,23.54,23.9
"U.S. Territories","Belowground Biomass",2.77,2.85,2.93,3,3.07,3.15,3.22,3.3,3.38,3.46,3.52,3.6,3.68,3.76,3.83,3.96,4.09,4.23,4.36,4.5,4.59,4.68,4.79,4.88,4.96,4.97,4.96,4.98,4.96,4.96,5.06,5.11,5.21,5.28
"U.S. Territories","Dead Wood",1.61,1.61,1.61,1.61,1.61,1.61,1.61,1.61,1.61,1.61,1.61,1.61,1.61,1.61,1.61,1.62,1.62,1.63,1.63,1.64,1.64,1.64,1.64,1.64,1.64,1.63,1.63,1.62,1.61,1.61,1.61,1.61,1.61,1.61
"U.S. Territories","Litter",3.13,3.13,3.13,3.13,3.13,3.13,3.13,3.13,3.13,3.13,3.13,3.13,3.13,3.13,3.13,3.16,3.18,3.2,3.21,3.23,3.23,3.24,3.25,3.25,3.25,3.22,3.19,3.16,3.13,3.1,3.1,3.1,3.1,3.1
"U.S. Territories","Soil (Mineral)",63.29,63.29,63.29,63.29,63.29,63.29,63.29,63.29,63.29,63.29,63.29,63.29,63.29,63.29,63.29,63.71,64.13,64.54,64.96,65.38,65.45,65.53,65.61,65.68,65.75,65.13,64.52,63.9,63.29,62.67,62.67,62.67,62.67,62.67
"U.S. Territories","Soil (Organic)",,,,,,,,,,,,,,,,,,,,,,,,,,,,,,,,,,
